Workbook

Sheet Tổng quan
A1: CTKM FULL THÁNG 10/2026 × TỒN KHO 06/10/2026 – TỔNG QUAN NGÀNH HÀNG
A2: Nguồn: file "CTKM tháng 10.26 và tồn kho 05.10.26" (sheet CTKM T10.26 + Tồn kho 06.10.26). GT tồn tính theo giá KM (nếu trống giá KM: giá BL × (1-%giảm)). Tồn âm tính = 0. Kho LTT = Kho Lê Trọng Tấn (W1099); Kho FC = Kho Franchise_LTTAN (W1082).
A4: Số SKU tham gia CTKM | B4: =COUNTA('Chi tiết SKU'!$D$2:$D$1253) -> 1252
A5: SKU hết hàng toàn hệ thống | B5: =COUNTIF('Chi tiết SKU'!$R$2:$R$1253,"<=0") -> 187
A6: % SKU hết hàng | B6: =B5/B4 -> 0.14936102
A7: Tồn tại CH (sp) | B7: =SUM('Chi tiết SKU'!$M$2:$M$1253) -> 107390
A8: Tồn Kho LTT (sp) | B8: =SUM('Chi tiết SKU'!$N$2:$N$1253) -> 34844
A9: Tồn Kho FC (sp) | B9: =SUM('Chi tiết SKU'!$O$2:$O$1253) -> 10836
A10: GT tồn HT theo giá KM (tỷ đ) | B10: =SUM('Chi tiết SKU'!$T$2:$T$1253)/1000000000 -> 29.108137
A11: …trong đó 1 SKU Thanh massage Stella (tỷ đ) | B11: =SUMIFS('Chi tiết SKU'!$T$2:$T$1253,'Chi tiết SKU'!$D$2:$D$1253,102367)/1000000000 -> 2.823514
A13: Ngành hàng | B13: Số SKU KM | C13: SKU hết hàng | D13: % hết | E13: Tồn CH | F13: Kho LTT | G13: Kho FC | H13: GT tồn giá KM (tr.đ) | I13: % GT | J13: Phủ TB (CH/SKU)
A14: CHĂM SÓC SẮC ĐẸP | B14: =COUNTIFS('Chi tiết SKU'!$B$2:$B$1253,$A14) -> 200 | C14: =COUNTIFS('Chi tiết SKU'!$B$2:$B$1253,$A14,'Chi tiết SKU'!$R$2:$R$1253,"<=0") -> 5 | D14: =IFERROR(C14/B14,0) -> 0.025 | E14: =SUMIFS('Chi tiết SKU'!$M$2:$M$1253,'Chi tiết SKU'!$B$2:$B$1253,$A14) -> 20967 | F14: =SUMIFS('Chi tiết SKU'!$N$2:$N$1253,'Chi tiết SKU'!$B$2:$B$1253,$A14) -> 5582 | G14: =SUMIFS('Chi tiết SKU'!$O$2:$O$1253,'Chi tiết SKU'!$B$2:$B$1253,$A14) -> 2244 | H14: =SUMIFS('Chi tiết SKU'!$T$2:$T$1253,'Chi tiết SKU'!$B$2:$B$1253,$A14)/1000000 -> 8049.873 | I14: =IFERROR(H14/$H$26,0) -> 0.27655061 | J14: =IFERROR(SUMIFS('Chi tiết SKU'!$S$2:$S$1253,'Chi tiết SKU'!$B$2:$B$1253,$A14)/B14,0) -> 17.425
A15: CHĂM SÓC SỨC KHỎE | B15: =COUNTIFS('Chi tiết SKU'!$B$2:$B$1253,$A15) -> 32 | C15: =COUNTIFS('Chi tiết SKU'!$B$2:$B$1253,$A15,'Chi tiết SKU'!$R$2:$R$1253,"<=0") -> 0 | D15: =IFERROR(C15/B15,0) -> 0 | E15: =SUMIFS('Chi tiết SKU'!$M$2:$M$1253,'Chi tiết SKU'!$B$2:$B$1253,$A15) -> 3574 | F15: =SUMIFS('Chi tiết SKU'!$N$2:$N$1253,'Chi tiết SKU'!$B$2:$B$1253,$A15) -> 663 | G15: =SUMIFS('Chi tiết SKU'!$O$2:$O$1253,'Chi tiết SKU'!$B$2:$B$1253,$A15) -> 266 | H15: =SUMIFS('Chi tiết SKU'!$T$2:$T$1253,'Chi tiết SKU'!$B$2:$B$1253,$A15)/1000000 -> 5950.041 | I15: =IFERROR(H15/$H$26,0) -> 0.2044116 | J15: =IFERROR(SUMIFS('Chi tiết SKU'!$S$2:$S$1253,'Chi tiết SKU'!$B$2:$B$1253,$A15)/B15,0) -> 20.125
A16: NHÀ CỬA ĐỜI SỐNG | B16: =COUNTIFS('Chi tiết SKU'!$B$2:$B$1253,$A16) -> 336 | C16: =COUNTIFS('Chi tiết SKU'!$B$2:$B$1253,$A16,'Chi tiết SKU'!$R$2:$R$1253,"<=0") -> 11 | D16: =IFERROR(C16/B16,0) -> 0.032738095 | E16: =SUMIFS('Chi tiết SKU'!$M$2:$M$1253,'Chi tiết SKU'!$B$2:$B$1253,$A16) -> 14788 | F16: =SUMIFS('Chi tiết SKU'!$N$2:$N$1253,'Chi tiết SKU'!$B$2:$B$1253,$A16) -> 5250 | G16: =SUMIFS('Chi tiết SKU'!$O$2:$O$1253,'Chi tiết SKU'!$B$2:$B$1253,$A16) -> 2726 | H16: =SUMIFS('Chi tiết SKU'!$T$2:$T$1253,'Chi tiết SKU'!$B$2:$B$1253,$A16)/1000000 -> 4698.245 | I16: =IFERROR(H16/$H$26,0) -> 0.16140659 | J16: =IFERROR(SUMIFS('Chi tiết SKU'!$S$2:$S$1253,'Chi tiết SKU'!$B$2:$B$1253,$A16)/B16,0) -> 8.4642857
A17: THỜI TRANG | B17: =COUNTIFS('Chi tiết SKU'!$B$2:$B$1253,$A17) -> 422 | C17: =COUNTIFS('Chi tiết SKU'!$B$2:$B$1253,$A17,'Chi tiết SKU'!$R$2:$R$1253,"<=0") -> 137 | D17: =IFERROR(C17/B17,0) -> 0.32464455 | E17: =SUMIFS('Chi tiết SKU'!$M$2:$M$1253,'Chi tiết SKU'!$B$2:$B$1253,$A17) -> 23225 | F17: =SUMIFS('Chi tiết SKU'!$N$2:$N$1253,'Chi tiết SKU'!$B$2:$B$1253,$A17) -> 14011 | G17: =SUMIFS('Chi tiết SKU'!$O$2:$O$1253,'Chi tiết SKU'!$B$2:$B$1253,$A17) -> 0 | H17: =SUMIFS('Chi tiết SKU'!$T$2:$T$1253,'Chi tiết SKU'!$B$2:$B$1253,$A17)/1000000 -> 3869.649 | I17: =IFERROR(H17/$H$26,0) -> 0.13294046 | J17: =IFERROR(SUMIFS('Chi tiết SKU'!$S$2:$S$1253,'Chi tiết SKU'!$B$2:$B$1253,$A17)/B17,0) -> 1.7819905
A18: BỈM | B18: =COUNTIFS('Chi tiết SKU'!$B$2:$B$1253,$A18) -> 59 | C18: =COUNTIFS('Chi tiết SKU'!$B$2:$B$1253,$A18,'Chi tiết SKU'!$R$2:$R$1253,"<=0") -> 33 | D18: =IFERROR(C18/B18,0) -> 0.55932203 | E18: =SUMIFS('Chi tiết SKU'!$M$2:$M$1253,'Chi tiết SKU'!$B$2:$B$1253,$A18) -> 4035 | F18: =SUMIFS('Chi tiết SKU'!$N$2:$N$1253,'Chi tiết SKU'!$B$2:$B$1253,$A18) -> 3039 | G18: =SUMIFS('Chi tiết SKU'!$O$2:$O$1253,'Chi tiết SKU'!$B$2:$B$1253,$A18) -> 313 | H18: =SUMIFS('Chi tiết SKU'!$T$2:$T$1253,'Chi tiết SKU'!$B$2:$B$1253,$A18)/1000000 -> 2111.104 | I18: =IFERROR(H18/$H$26,0) -> 0.072526249 | J18: =IFERROR(SUMIFS('Chi tiết SKU'!$S$2:$S$1253,'Chi tiết SKU'!$B$2:$B$1253,$A18)/B18,0) -> 5.8644068
A19: CHĂM SÓC HÀNG NGÀY | B19: =COUNTIFS('Chi tiết SKU'!$B$2:$B$1253,$A19) -> 77 | C19: =COUNTIFS('Chi tiết SKU'!$B$2:$B$1253,$A19,'Chi tiết SKU'!$R$2:$R$1253,"<=0") -> 0 | D19: =IFERROR(C19/B19,0) -> 0 | E19: =SUMIFS('Chi tiết SKU'!$M$2:$M$1253,'Chi tiết SKU'!$B$2:$B$1253,$A19) -> 14654 | F19: =SUMIFS('Chi tiết SKU'!$N$2:$N$1253,'Chi tiết SKU'!$B$2:$B$1253,$A19) -> 4713 | G19: =SUMIFS('Chi tiết SKU'!$O$2:$O$1253,'Chi tiết SKU'!$B$2:$B$1253,$A19) -> 2765 | H19: =SUMIFS('Chi tiết SKU'!$T$2:$T$1253,'Chi tiết SKU'!$B$2:$B$1253,$A19)/1000000 -> 1679.198 | I19: =IFERROR(H19/$H$26,0) -> 0.057688268 | J19: =IFERROR(SUMIFS('Chi tiết SKU'!$S$2:$S$1253,'Chi tiết SKU'!$B$2:$B$1253,$A19)/B19,0) -> 19.844156
A20: THỰC PHẨM | B20: =COUNTIFS('Chi tiết SKU'!$B$2:$B$1253,$A20) -> 21 | C20: =COUNTIFS('Chi tiết SKU'!$B$2:$B$1253,$A20,'Chi tiết SKU'!$R$2:$R$1253,"<=0") -> 0 | D20: =IFERROR(C20/B20,0) -> 0 | E20: =SUMIFS('Chi tiết SKU'!$M$2:$M$1253,'Chi tiết SKU'!$B$2:$B$1253,$A20) -> 6877 | F20: =SUMIFS('Chi tiết SKU'!$N$2:$N$1253,'Chi tiết SKU'!$B$2:$B$1253,$A20) -> 372 | G20: =SUMIFS('Chi tiết SKU'!$O$2:$O$1253,'Chi tiết SKU'!$B$2:$B$1253,$A20) -> 1587 | H20: =SUMIFS('Chi tiết SKU'!$T$2:$T$1253,'Chi tiết SKU'!$B$2:$B$1253,$A20)/1000000 -> 1288.368 | I20: =IFERROR(H20/$H$26,0) -> 0.044261438 | J20: =IFERROR(SUMIFS('Chi tiết SKU'!$S$2:$S$1253,'Chi tiết SKU'!$B$2:$B$1253,$A20)/B20,0) -> 20.857143
A21: BÁNH NGỌT - TRÁNG MIỆNG | B21: =COUNTIFS('Chi tiết SKU'!$B$2:$B$1253,$A21) -> 46 | C21: =COUNTIFS('Chi tiết SKU'!$B$2:$B$1253,$A21,'Chi tiết SKU'!$R$2:$R$1253,"<=0") -> 1 | D21: =IFERROR(C21/B21,0) -> 0.02173913 | E21: =SUMIFS('Chi tiết SKU'!$M$2:$M$1253,'Chi tiết SKU'!$B$2:$B$1253,$A21) -> 5562 | F21: =SUMIFS('Chi tiết SKU'!$N$2:$N$1253,'Chi tiết SKU'!$B$2:$B$1253,$A21) -> 0 | G21: =SUMIFS('Chi tiết SKU'!$O$2:$O$1253,'Chi tiết SKU'!$B$2:$B$1253,$A21) -> 0 | H21: =SUMIFS('Chi tiết SKU'!$T$2:$T$1253,'Chi tiết SKU'!$B$2:$B$1253,$A21)/1000000 -> 341.55 | I21: =IFERROR(H21/$H$26,0) -> 0.011733832 | J21: =IFERROR(SUMIFS('Chi tiết SKU'!$S$2:$S$1253,'Chi tiết SKU'!$B$2:$B$1253,$A21)/B21,0) -> 7.5217391
A22: ĐỒ CHO MẸ BÉ | B22: =COUNTIFS('Chi tiết SKU'!$B$2:$B$1253,$A22) -> 31 | C22: =COUNTIFS('Chi tiết SKU'!$B$2:$B$1253,$A22,'Chi tiết SKU'!$R$2:$R$1253,"<=0") -> 0 | D22: =IFERROR(C22/B22,0) -> 0 | E22: =SUMIFS('Chi tiết SKU'!$M$2:$M$1253,'Chi tiết SKU'!$B$2:$B$1253,$A22) -> 4449 | F22: =SUMIFS('Chi tiết SKU'!$N$2:$N$1253,'Chi tiết SKU'!$B$2:$B$1253,$A22) -> 1214 | G22: =SUMIFS('Chi tiết SKU'!$O$2:$O$1253,'Chi tiết SKU'!$B$2:$B$1253,$A22) -> 405 | H22: =SUMIFS('Chi tiết SKU'!$T$2:$T$1253,'Chi tiết SKU'!$B$2:$B$1253,$A22)/1000000 -> 329.729 | I22: =IFERROR(H22/$H$26,0) -> 0.011327726 | J22: =IFERROR(SUMIFS('Chi tiết SKU'!$S$2:$S$1253,'Chi tiết SKU'!$B$2:$B$1253,$A22)/B22,0) -> 14.83871
A23: HÀNG ĐÔNG LẠNH | B23: =COUNTIFS('Chi tiết SKU'!$B$2:$B$1253,$A23) -> 3 | C23: =COUNTIFS('Chi tiết SKU'!$B$2:$B$1253,$A23,'Chi tiết SKU'!$R$2:$R$1253,"<=0") -> 0 | D23: =IFERROR(C23/B23,0) -> 0 | E23: =SUMIFS('Chi tiết SKU'!$M$2:$M$1253,'Chi tiết SKU'!$B$2:$B$1253,$A23) -> 2486 | F23: =SUMIFS('Chi tiết SKU'!$N$2:$N$1253,'Chi tiết SKU'!$B$2:$B$1253,$A23) -> 0 | G23: =SUMIFS('Chi tiết SKU'!$O$2:$O$1253,'Chi tiết SKU'!$B$2:$B$1253,$A23) -> 0 | H23: =SUMIFS('Chi tiết SKU'!$T$2:$T$1253,'Chi tiết SKU'!$B$2:$B$1253,$A23)/1000000 -> 291.898 | I23: =IFERROR(H23/$H$26,0) -> 0.010028055 | J23: =IFERROR(SUMIFS('Chi tiết SKU'!$S$2:$S$1253,'Chi tiết SKU'!$B$2:$B$1253,$A23)/B23,0) -> 13.666667
A24: THỰC PHẨM FRESH | B24: =COUNTIFS('Chi tiết SKU'!$B$2:$B$1253,$A24) -> 12 | C24: =COUNTIFS('Chi tiết SKU'!$B$2:$B$1253,$A24,'Chi tiết SKU'!$R$2:$R$1253,"<=0") -> 0 | D24: =IFERROR(C24/B24,0) -> 0 | E24: =SUMIFS('Chi tiết SKU'!$M$2:$M$1253,'Chi tiết SKU'!$B$2:$B$1253,$A24) -> 3709 | F24: =SUMIFS('Chi tiết SKU'!$N$2:$N$1253,'Chi tiết SKU'!$B$2:$B$1253,$A24) -> 0 | G24: =SUMIFS('Chi tiết SKU'!$O$2:$O$1253,'Chi tiết SKU'!$B$2:$B$1253,$A24) -> 0 | H24: =SUMIFS('Chi tiết SKU'!$T$2:$T$1253,'Chi tiết SKU'!$B$2:$B$1253,$A24)/1000000 -> 278.175 | I24: =IFERROR(H24/$H$26,0) -> 0.0095566061 | J24: =IFERROR(SUMIFS('Chi tiết SKU'!$S$2:$S$1253,'Chi tiết SKU'!$B$2:$B$1253,$A24)/B24,0) -> 16.083333
A25: ĐỒ UỐNG | B25: =COUNTIFS('Chi tiết SKU'!$B$2:$B$1253,$A25) -> 13 | C25: =COUNTIFS('Chi tiết SKU'!$B$2:$B$1253,$A25,'Chi tiết SKU'!$R$2:$R$1253,"<=0") -> 0 | D25: =IFERROR(C25/B25,0) -> 0 | E25: =SUMIFS('Chi tiết SKU'!$M$2:$M$1253,'Chi tiết SKU'!$B$2:$B$1253,$A25) -> 3064 | F25: =SUMIFS('Chi tiết SKU'!$N$2:$N$1253,'Chi tiết SKU'!$B$2:$B$1253,$A25) -> 0 | G25: =SUMIFS('Chi tiết SKU'!$O$2:$O$1253,'Chi tiết SKU'!$B$2:$B$1253,$A25) -> 530 | H25: =SUMIFS('Chi tiết SKU'!$T$2:$T$1253,'Chi tiết SKU'!$B$2:$B$1253,$A25)/1000000 -> 220.307 | I25: =IFERROR(H25/$H$26,0) -> 0.0075685709 | J25: =IFERROR(SUMIFS('Chi tiết SKU'!$S$2:$S$1253,'Chi tiết SKU'!$B$2:$B$1253,$A25)/B25,0) -> 12.076923
A26: TỔNG | B26: =SUM(B14:B25) -> 1252 | C26: =SUM(C14:C25) -> 187 | D26: =IFERROR(C26/B26,0) -> 0.14936102 | E26: =SUM(E14:E25) -> 107390 | F26: =SUM(F14:F25) -> 34844 | G26: =SUM(G14:G25) -> 10836 | H26: =SUM(H14:H25) -> 29108.137 | I26: =IFERROR(H26/$H$26,0) -> 1 | J26: =IFERROR(SUMPRODUCT(B14:B25,J14:J25)/B26,0) -> 8.9728435

Sheet Theo CTKM
A1: CTKM T10/26 – ĐỐI CHIẾU TỒN KHO 06/10 THEO TỪNG CHƯƠNG TRÌNH | O1: Ngưỡng
A2: Cờ tự tính: CHẾT (≥80% SKU hết hàng) → ĐẨY XUỐNG CH (Kho LTT ≥200 và ≥ tồn CH) → PHỦ MỎNG (TB < 8 CH có hàng/SKU) → OK. Ngưỡng ở ô bên phải, sửa được. | O2: % SKU hết → CHẾT | P2: 0.8
O3: Kho LTT tối thiểu → ĐẨY | P3: 200
A4: Mã CT | B4: Ngành hàng | C4: Nội dung CTKM | D4: Hình thức | E4: Số SKU | F4: SKU hết hàng HT | G4: Tồn CH | H4: Kho LTT | I4: Kho FC | J4: GT tồn giá KM (đ) | K4: Phủ TB (số CH/SKU) | L4: % giảm (trung vị) | M4: Cờ | N4: Hành động đề xuất | O4: Phủ CH TB → MỎNG | P4: 8
A5: CT001 | B5: THỜI TRANG | C5: Thời trang Nishimatsuya mùa đông giảm ngay 20% | D5: Discount | E5: =COUNTIFS('Chi tiết SKU'!$A$2:$A$1253,$A5) -> 24 | F5: =COUNTIFS('Chi tiết SKU'!$A$2:$A$1253,$A5,'Chi tiết SKU'!$R$2:$R$1253,"<=0") -> 0 | G5: =SUMIFS('Chi tiết SKU'!$M$2:$M$1253,'Chi tiết SKU'!$A$2:$A$1253,$A5) -> 15637 | H5: =SUMIFS('Chi tiết SKU'!$N$2:$N$1253,'Chi tiết SKU'!$A$2:$A$1253,$A5) -> 12191 | I5: =SUMIFS('Chi tiết SKU'!$O$2:$O$1253,'Chi tiết SKU'!$A$2:$A$1253,$A5) -> 0 | J5: =SUMIFS('Chi tiết SKU'!$T$2:$T$1253,'Chi tiết SKU'!$A$2:$A$1253,$A5) -> 3219708000 | K5: =IFERROR(SUMIFS('Chi tiết SKU'!$S$2:$S$1253,'Chi tiết SKU'!$A$2:$A$1253,$A5)/E5,0) -> 7.25 | L5: 0.2 | M5: =IF(F5/E5>=$P$2,"CHẾT – hết hàng",IF(AND(H5>=$P$3,H5>=G5),"ĐẨY XUỐNG CH",IF(K5<$P$4,"PHỦ MỎNG","OK"))) -> PHỦ MỎNG | N5: Mùa lạnh bắt đầu cuối T10: đẩy ngay kho LTT xuống CH (ưu tiên CH khu dân cư/trẻ em), trưng bày mặt tiền từ 15/10.
A6: CT017 | B6: CHĂM SÓC SẮC ĐẸP | C6: Thanh Massage giá 6500k -> 1199K (tặng ngay serum retinol 230689) trị giá 350K | D6: Mua hàng tặng hàng | E6: =COUNTIFS('Chi tiết SKU'!$A$2:$A$1253,$A6) -> 1 | F6: =COUNTIFS('Chi tiết SKU'!$A$2:$A$1253,$A6,'Chi tiết SKU'!$R$2:$R$1253,"<=0") -> 0 | G6: =SUMIFS('Chi tiết SKU'!$M$2:$M$1253,'Chi tiết SKU'!$A$2:$A$1253,$A6) -> 221 | H6: =SUMIFS('Chi tiết SKU'!$N$2:$N$1253,'Chi tiết SKU'!$A$2:$A$1253,$A6) -> 2324 | I6: =SUMIFS('Chi tiết SKU'!$O$2:$O$1253,'Chi tiết SKU'!$A$2:$A$1253,$A6) -> 0 | J6: =SUMIFS('Chi tiết SKU'!$T$2:$T$1253,'Chi tiết SKU'!$A$2:$A$1253,$A6) -> 2823514000 | K6: =IFERROR(SUMIFS('Chi tiết SKU'!$S$2:$S$1253,'Chi tiết SKU'!$A$2:$A$1253,$A6)/E6,0) -> 23 | L6: 0.82938 | M6: =IF(F6/E6>=$P$2,"CHẾT – hết hàng",IF(AND(H6>=$P$3,H6>=G6),"ĐẨY XUỐNG CH",IF(K6<$P$4,"PHỦ MỎNG","OK"))) -> ĐẨY XUỐNG CH | N6: Kho LTT còn 2,324 > tồn CH 221: lệnh điều chuyển bổ sung xuống CH trong tuần này, nhất là CH đang 0.
A7: CT010 | B7: NHÀ CỬA ĐỜI SỐNG | C7: Gia dụng KAIYO đồng giảm 10% | D7: Discount | E7: =COUNTIFS('Chi tiết SKU'!$A$2:$A$1253,$A7) -> 174 | F7: =COUNTIFS('Chi tiết SKU'!$A$2:$A$1253,$A7,'Chi tiết SKU'!$R$2:$R$1253,"<=0") -> 1 | G7: =SUMIFS('Chi tiết SKU'!$M$2:$M$1253,'Chi tiết SKU'!$A$2:$A$1253,$A7) -> 3528 | H7: =SUMIFS('Chi tiết SKU'!$N$2:$N$1253,'Chi tiết SKU'!$A$2:$A$1253,$A7) -> 1 | I7: =SUMIFS('Chi tiết SKU'!$O$2:$O$1253,'Chi tiết SKU'!$A$2:$A$1253,$A7) -> 454 | J7: =SUMIFS('Chi tiết SKU'!$T$2:$T$1253,'Chi tiết SKU'!$A$2:$A$1253,$A7) -> 2017280000 | K7: =IFERROR(SUMIFS('Chi tiết SKU'!$S$2:$S$1253,'Chi tiết SKU'!$A$2:$A$1253,$A7)/E7,0) -> 6.9195402 | L7: 0.1 | M7: =IF(F7/E7>=$P$2,"CHẾT – hết hàng",IF(AND(H7>=$P$3,H7>=G7),"ĐẨY XUỐNG CH",IF(K7<$P$4,"PHỦ MỎNG","OK"))) -> PHỦ MỎNG | N7: Long-tail nhiều SKU, phủ thấp: chọn top 20 SKU bán chạy làm đảo/kệ đầu; còn lại giữ kệ thường + tag giảm 10%.
A8: CT043 | B8: CHĂM SÓC SỨC KHỎE | C8: TPCN NMN Ikimoto giá 4500k->2999K, mua 2 tặng 1 . Mua bất kì SL được tặng ngay 1 túi thương hiệu Ikomoto | D8: Combo | E8: =COUNTIFS('Chi tiết SKU'!$A$2:$A$1253,$A8) -> 1 | F8: =COUNTIFS('Chi tiết SKU'!$A$2:$A$1253,$A8,'Chi tiết SKU'!$R$2:$R$1253,"<=0") -> 0 | G8: =SUMIFS('Chi tiết SKU'!$M$2:$M$1253,'Chi tiết SKU'!$A$2:$A$1253,$A8) -> 242 | H8: =SUMIFS('Chi tiết SKU'!$N$2:$N$1253,'Chi tiết SKU'!$A$2:$A$1253,$A8) -> 560 | I8: =SUMIFS('Chi tiết SKU'!$O$2:$O$1253,'Chi tiết SKU'!$A$2:$A$1253,$A8) -> 24 | J8: =SUMIFS('Chi tiết SKU'!$T$2:$T$1253,'Chi tiết SKU'!$A$2:$A$1253,$A8) -> 1683158000 | K8: =IFERROR(SUMIFS('Chi tiết SKU'!$S$2:$S$1253,'Chi tiết SKU'!$A$2:$A$1253,$A8)/E8,0) -> 24 | L8: 0.5557 | M8: =IF(F8/E8>=$P$2,"CHẾT – hết hàng",IF(AND(H8>=$P$3,H8>=G8),"ĐẨY XUỐNG CH",IF(K8<$P$4,"PHỦ MỎNG","OK"))) -> ĐẨY XUỐNG CH | N8: Kho LTT còn 560 > tồn CH 242: lệnh điều chuyển bổ sung xuống CH trong tuần này, nhất là CH đang 0.
A9: CT006 | B9: BỈM | C9: Bỉm Anyzoo giảm 15K/bịch, mua từ 2 giảm 40K/bịch | D9: Mua càng nhiều giá càng rẻ | E9: =COUNTIFS('Chi tiết SKU'!$A$2:$A$1253,$A9) -> 7 | F9: =COUNTIFS('Chi tiết SKU'!$A$2:$A$1253,$A9,'Chi tiết SKU'!$R$2:$R$1253,"<=0") -> 0 | G9: =SUMIFS('Chi tiết SKU'!$M$2:$M$1253,'Chi tiết SKU'!$A$2:$A$1253,$A9) -> 2329 | H9: =SUMIFS('Chi tiết SKU'!$N$2:$N$1253,'Chi tiết SKU'!$A$2:$A$1253,$A9) -> 2776 | I9: =SUMIFS('Chi tiết SKU'!$O$2:$O$1253,'Chi tiết SKU'!$A$2:$A$1253,$A9) -> 174 | J9: =SUMIFS('Chi tiết SKU'!$T$2:$T$1253,'Chi tiết SKU'!$A$2:$A$1253,$A9) -> 1349481000 | K9: =IFERROR(SUMIFS('Chi tiết SKU'!$S$2:$S$1253,'Chi tiết SKU'!$A$2:$A$1253,$A9)/E9,0) -> 22 | L9: 0.13841 | M9: =IF(F9/E9>=$P$2,"CHẾT – hết hàng",IF(AND(H9>=$P$3,H9>=G9),"ĐẨY XUỐNG CH",IF(K9<$P$4,"PHỦ MỎNG","OK"))) -> ĐẨY XUỐNG CH | N9: Kho LTT còn 2,776 > tồn CH 2,329: lệnh điều chuyển bổ sung xuống CH trong tuần này, nhất là CH đang 0.
A10: CT002 | B10: CHĂM SÓC SẮC ĐẸP | C10: 10% | D10: Discount | E10: =COUNTIFS('Chi tiết SKU'!$A$2:$A$1253,$A10) -> 69 | F10: =COUNTIFS('Chi tiết SKU'!$A$2:$A$1253,$A10,'Chi tiết SKU'!$R$2:$R$1253,"<=0") -> 0 | G10: =SUMIFS('Chi tiết SKU'!$M$2:$M$1253,'Chi tiết SKU'!$A$2:$A$1253,$A10) -> 6221 | H10: =SUMIFS('Chi tiết SKU'!$N$2:$N$1253,'Chi tiết SKU'!$A$2:$A$1253,$A10) -> 709 | I10: =SUMIFS('Chi tiết SKU'!$O$2:$O$1253,'Chi tiết SKU'!$A$2:$A$1253,$A10) -> 620 | J10: =SUMIFS('Chi tiết SKU'!$T$2:$T$1253,'Chi tiết SKU'!$A$2:$A$1253,$A10) -> 1292830000 | K10: =IFERROR(SUMIFS('Chi tiết SKU'!$S$2:$S$1253,'Chi tiết SKU'!$A$2:$A$1253,$A10)/E10,0) -> 17.811594 | L10: 0.1 | M10: =IF(F10/E10>=$P$2,"CHẾT – hết hàng",IF(AND(H10>=$P$3,H10>=G10),"ĐẨY XUỐNG CH",IF(K10<$P$4,"PHỦ MỎNG","OK"))) -> OK | N10: Đủ hàng: tập trung trưng bày + kịch bản tư vấn, theo dõi sell-out tuần.
A11: CT057 | B11: CHĂM SÓC SỨC KHỎE | C11: Giảm ngay 200K khi mua Collagen 82X | D11: Discount | E11: =COUNTIFS('Chi tiết SKU'!$A$2:$A$1253,$A11) -> 5 | F11: =COUNTIFS('Chi tiết SKU'!$A$2:$A$1253,$A11,'Chi tiết SKU'!$R$2:$R$1253,"<=0") -> 0 | G11: =SUMIFS('Chi tiết SKU'!$M$2:$M$1253,'Chi tiết SKU'!$A$2:$A$1253,$A11) -> 558 | H11: =SUMIFS('Chi tiết SKU'!$N$2:$N$1253,'Chi tiết SKU'!$A$2:$A$1253,$A11) -> 0 | I11: =SUMIFS('Chi tiết SKU'!$O$2:$O$1253,'Chi tiết SKU'!$A$2:$A$1253,$A11) -> 6 | J11: =SUMIFS('Chi tiết SKU'!$T$2:$T$1253,'Chi tiết SKU'!$A$2:$A$1253,$A11) -> 1087733000 | K11: =IFERROR(SUMIFS('Chi tiết SKU'!$S$2:$S$1253,'Chi tiết SKU'!$A$2:$A$1253,$A11)/E11,0) -> 21.6 | L11: 0.08333 | M11: =IF(F11/E11>=$P$2,"CHẾT – hết hàng",IF(AND(H11>=$P$3,H11>=G11),"ĐẨY XUỐNG CH",IF(K11<$P$4,"PHỦ MỎNG","OK"))) -> OK | N11: Đủ hàng: tập trung trưng bày + kịch bản tư vấn, theo dõi sell-out tuần.
A12: CT004 | B12: NHÀ CỬA ĐỜI SỐNG | C12: Nước rửa bát 1250ml giá 188k->159K | D12: Discount | E12: =COUNTIFS('Chi tiết SKU'!$A$2:$A$1253,$A12) -> 7 | F12: =COUNTIFS('Chi tiết SKU'!$A$2:$A$1253,$A12,'Chi tiết SKU'!$R$2:$R$1253,"<=0") -> 0 | G12: =SUMIFS('Chi tiết SKU'!$M$2:$M$1253,'Chi tiết SKU'!$A$2:$A$1253,$A12) -> 2772 | H12: =SUMIFS('Chi tiết SKU'!$N$2:$N$1253,'Chi tiết SKU'!$A$2:$A$1253,$A12) -> 733 | I12: =SUMIFS('Chi tiết SKU'!$O$2:$O$1253,'Chi tiết SKU'!$A$2:$A$1253,$A12) -> 1425 | J12: =SUMIFS('Chi tiết SKU'!$T$2:$T$1253,'Chi tiết SKU'!$A$2:$A$1253,$A12) -> 950502000 | K12: =IFERROR(SUMIFS('Chi tiết SKU'!$S$2:$S$1253,'Chi tiết SKU'!$A$2:$A$1253,$A12)/E12,0) -> 22.428571 | L12: 0.15426 | M12: =IF(F12/E12>=$P$2,"CHẾT – hết hàng",IF(AND(H12>=$P$3,H12>=G12),"ĐẨY XUỐNG CH",IF(K12<$P$4,"PHỦ MỎNG","OK"))) -> OK | N12: Đủ hàng: tập trung trưng bày + kịch bản tư vấn, theo dõi sell-out tuần.
A13: CT007 | B13: NHÀ CỬA ĐỜI SỐNG | C13: Gia dụng KAI đồng giảm 10% | D13: Discount | E13: =COUNTIFS('Chi tiết SKU'!$A$2:$A$1253,$A13) -> 101 | F13: =COUNTIFS('Chi tiết SKU'!$A$2:$A$1253,$A13,'Chi tiết SKU'!$R$2:$R$1253,"<=0") -> 3 | G13: =SUMIFS('Chi tiết SKU'!$M$2:$M$1253,'Chi tiết SKU'!$A$2:$A$1253,$A13) -> 4557 | H13: =SUMIFS('Chi tiết SKU'!$N$2:$N$1253,'Chi tiết SKU'!$A$2:$A$1253,$A13) -> 6 | I13: =SUMIFS('Chi tiết SKU'!$O$2:$O$1253,'Chi tiết SKU'!$A$2:$A$1253,$A13) -> 385 | J13: =SUMIFS('Chi tiết SKU'!$T$2:$T$1253,'Chi tiết SKU'!$A$2:$A$1253,$A13) -> 915845000 | K13: =IFERROR(SUMIFS('Chi tiết SKU'!$S$2:$S$1253,'Chi tiết SKU'!$A$2:$A$1253,$A13)/E13,0) -> 10.415842 | L13: 0.1 | M13: =IF(F13/E13>=$P$2,"CHẾT – hết hàng",IF(AND(H13>=$P$3,H13>=G13),"ĐẨY XUỐNG CH",IF(K13<$P$4,"PHỦ MỎNG","OK"))) -> OK | N13: Long-tail nhiều SKU, phủ thấp: chọn top 20 SKU bán chạy làm đảo/kệ đầu; còn lại giữ kệ thường + tag giảm 10%.
A14: CT012 | B14: CHĂM SÓC SẮC ĐẸP | C14: Giảm ngay 20K khi mua trang điểm mắt Kissme | D14: Discount | E14: =COUNTIFS('Chi tiết SKU'!$A$2:$A$1253,$A14) -> 50 | F14: =COUNTIFS('Chi tiết SKU'!$A$2:$A$1253,$A14,'Chi tiết SKU'!$R$2:$R$1253,"<=0") -> 4 | G14: =SUMIFS('Chi tiết SKU'!$M$2:$M$1253,'Chi tiết SKU'!$A$2:$A$1253,$A14) -> 3200 | H14: =SUMIFS('Chi tiết SKU'!$N$2:$N$1253,'Chi tiết SKU'!$A$2:$A$1253,$A14) -> 338 | I14: =SUMIFS('Chi tiết SKU'!$O$2:$O$1253,'Chi tiết SKU'!$A$2:$A$1253,$A14) -> 123 | J14: =SUMIFS('Chi tiết SKU'!$T$2:$T$1253,'Chi tiết SKU'!$A$2:$A$1253,$A14) -> 899837000 | K14: =IFERROR(SUMIFS('Chi tiết SKU'!$S$2:$S$1253,'Chi tiết SKU'!$A$2:$A$1253,$A14)/E14,0) -> 15.78 | L14: 0.0772 | M14: =IF(F14/E14>=$P$2,"CHẾT – hết hàng",IF(AND(H14>=$P$3,H14>=G14),"ĐẨY XUỐNG CH",IF(K14<$P$4,"PHỦ MỎNG","OK"))) -> OK | N14: Đủ hàng: tập trung trưng bày + kịch bản tư vấn, theo dõi sell-out tuần.
A15: CT052 | B15: CHĂM SÓC SỨC KHỎE | C15: Giảm ngay 50K khi mua bổ gan Zeria | D15: Discount | E15: =COUNTIFS('Chi tiết SKU'!$A$2:$A$1253,$A15) -> 5 | F15: =COUNTIFS('Chi tiết SKU'!$A$2:$A$1253,$A15,'Chi tiết SKU'!$R$2:$R$1253,"<=0") -> 0 | G15: =SUMIFS('Chi tiết SKU'!$M$2:$M$1253,'Chi tiết SKU'!$A$2:$A$1253,$A15) -> 543 | H15: =SUMIFS('Chi tiết SKU'!$N$2:$N$1253,'Chi tiết SKU'!$A$2:$A$1253,$A15) -> 0 | I15: =SUMIFS('Chi tiết SKU'!$O$2:$O$1253,'Chi tiết SKU'!$A$2:$A$1253,$A15) -> 49 | J15: =SUMIFS('Chi tiết SKU'!$T$2:$T$1253,'Chi tiết SKU'!$A$2:$A$1253,$A15) -> 766293000 | K15: =IFERROR(SUMIFS('Chi tiết SKU'!$S$2:$S$1253,'Chi tiết SKU'!$A$2:$A$1253,$A15)/E15,0) -> 21 | L15: 0.03623 | M15: =IF(F15/E15>=$P$2,"CHẾT – hết hàng",IF(AND(H15>=$P$3,H15>=G15),"ĐẨY XUỐNG CH",IF(K15<$P$4,"PHỦ MỎNG","OK"))) -> OK | N15: Đủ hàng: tập trung trưng bày + kịch bản tư vấn, theo dõi sell-out tuần.
A16: CT016 | B16: BỈM | C16: Bỉm Merries mua 1 giảm 40K, mua từ 2 giảm 60k/bịch | D16: Mua càng nhiều giá càng rẻ | E16: =COUNTIFS('Chi tiết SKU'!$A$2:$A$1253,$A16) -> 9 | F16: =COUNTIFS('Chi tiết SKU'!$A$2:$A$1253,$A16,'Chi tiết SKU'!$R$2:$R$1253,"<=0") -> 0 | G16: =SUMIFS('Chi tiết SKU'!$M$2:$M$1253,'Chi tiết SKU'!$A$2:$A$1253,$A16) -> 1592 | H16: =SUMIFS('Chi tiết SKU'!$N$2:$N$1253,'Chi tiết SKU'!$A$2:$A$1253,$A16) -> 263 | I16: =SUMIFS('Chi tiết SKU'!$O$2:$O$1253,'Chi tiết SKU'!$A$2:$A$1253,$A16) -> 139 | J16: =SUMIFS('Chi tiết SKU'!$T$2:$T$1253,'Chi tiết SKU'!$A$2:$A$1253,$A16) -> 742400000 | K16: =IFERROR(SUMIFS('Chi tiết SKU'!$S$2:$S$1253,'Chi tiết SKU'!$A$2:$A$1253,$A16)/E16,0) -> 18.222222 | L16: 0.17143 | M16: =IF(F16/E16>=$P$2,"CHẾT – hết hàng",IF(AND(H16>=$P$3,H16>=G16),"ĐẨY XUỐNG CH",IF(K16<$P$4,"PHỦ MỎNG","OK"))) -> OK | N16: Đủ hàng: tập trung trưng bày + kịch bản tư vấn, theo dõi sell-out tuần.
... A20: CT051 | B20: CHĂM SÓC SỨC KHỎE | C20: Giảm ngay 50K khi mua Black Mores | D20: Discount | E20: =COUNTIFS('Chi tiết SKU'!$A$2:$A$1253,$A20) -> 7 | F20: =COUNTIFS('Chi tiết SKU'!$A$2:$A$1253,$A20,'Chi tiết SKU'!$R$2:$R$1253,"<=0") -> 0 | G20: =SUMIFS('Chi tiết SKU'!$M$2:$M$1253,'Chi tiết SKU'!$A$2:$A$1253,$A20) -> 506 | H20: =SUMIFS('Chi tiết SKU'!$N$2:$N$1253,'Chi tiết SKU'!$A$2:$A$1253,$A20) -> 67 | I20: =SUMIFS('Chi tiết SKU'!$O$2:$O$1253,'Chi tiết SKU'!$A$2:$A$1253,$A20) -> 38 | J20: =SUMIFS('Chi tiết SKU'!$T$2:$T$1253,'Chi tiết SKU'!$A$2:$A$1253,$A20) -> 486395000 | K20: =IFERROR(SUMIFS('Chi tiết SKU'!$S$2:$S$1253,'Chi tiết SKU'!$A$2:$A$1253,$A20)/E20,0) -> 19 | L20: 0.06061 | M20: =IF(F20/E20>=$P$2,"CHẾT – hết hàng",IF(AND(H20>=$P$3,H20>=G20),"ĐẨY XUỐNG CH",IF(K20<$P$4,"PHỦ MỎNG","OK"))) -> OK | N20: Đủ hàng: tập trung trưng bày + kịch bản tư vấn, theo dõi sell-out tuần.
A21: CT023 | B21: CHĂM SÓC SẮC ĐẸP | C21: Combo gội +xả tặng sữa tắm hương cam quýt hoặc hương trái cây hoặc dầu gội khô(101992 hoặc 101990 hoặc 102213) | D21: Combo | E21: =COUNTIFS('Chi tiết SKU'!$A$2:$A$1253,$A21) -> 11 | F21: =COUNTIFS('Chi tiết SKU'!$A$2:$A$1253,$A21,'Chi tiết SKU'!$R$2:$R$1253,"<=0") -> 0 | G21: =SUMIFS('Chi tiết SKU'!$M$2:$M$1253,'Chi tiết SKU'!$A$2:$A$1253,$A21) -> 1203 | H21: =SUMIFS('Chi tiết SKU'!$N$2:$N$1253,'Chi tiết SKU'!$A$2:$A$1253,$A21) -> 378 | I21: =SUMIFS('Chi tiết SKU'!$O$2:$O$1253,'Chi tiết SKU'!$A$2:$A$1253,$A21) -> 292 | J21: =SUMIFS('Chi tiết SKU'!$T$2:$T$1253,'Chi tiết SKU'!$A$2:$A$1253,$A21) -> 476285000 | K21: =IFERROR(SUMIFS('Chi tiết SKU'!$S$2:$S$1253,'Chi tiết SKU'!$A$2:$A$1253,$A21)/E21,0) -> 19.909091 | M21: =IF(F21/E21>=$P$2,"CHẾT – hết hàng",IF(AND(H21>=$P$3,H21>=G21),"ĐẨY XUỐNG CH",IF(K21<$P$4,"PHỦ MỎNG","OK"))) -> OK | N21: Xả cuối vụ: dồn hàng về CH bán tốt, bàn/thùng đồng giá ở lối vào; KPI sell-through ≥70% đến 31/10.
A22: CT025 | B22: CHĂM SÓC SẮC ĐẸP | C22: Giảm ngay 30K khi mua mỹ phẩm Cezanne | D22: Discount | E22: =COUNTIFS('Chi tiết SKU'!$A$2:$A$1253,$A22) -> 25 | F22: =COUNTIFS('Chi tiết SKU'!$A$2:$A$1253,$A22,'Chi tiết SKU'!$R$2:$R$1253,"<=0") -> 0 | G22: =SUMIFS('Chi tiết SKU'!$M$2:$M$1253,'Chi tiết SKU'!$A$2:$A$1253,$A22) -> 1674 | H22: =SUMIFS('Chi tiết SKU'!$N$2:$N$1253,'Chi tiết SKU'!$A$2:$A$1253,$A22) -> 60 | I22: =SUMIFS('Chi tiết SKU'!$O$2:$O$1253,'Chi tiết SKU'!$A$2:$A$1253,$A22) -> 121 | J22: =SUMIFS('Chi tiết SKU'!$T$2:$T$1253,'Chi tiết SKU'!$A$2:$A$1253,$A22) -> 453523000 | K22: =IFERROR(SUMIFS('Chi tiết SKU'!$S$2:$S$1253,'Chi tiết SKU'!$A$2:$A$1253,$A22)/E22,0) -> 19.28 | L22: 0.11538 | M22: =IF(F22/E22>=$P$2,"CHẾT – hết hàng",IF(AND(H22>=$P$3,H22>=G22),"ĐẨY XUỐNG CH",IF(K22<$P$4,"PHỦ MỎNG","OK"))) -> OK | N22: Đủ hàng: tập trung trưng bày + kịch bản tư vấn, theo dõi sell-out tuần.
A23: CT005 | B23: BÁNH NGỌT - TRÁNG MIỆNG | C23: Kem đồng giảm 8% | D23: Discount | E23: =COUNTIFS('Chi tiết SKU'!$A$2:$A$1253,$A23) -> 46 | F23: =COUNTIFS('Chi tiết SKU'!$A$2:$A$1253,$A23,'Chi tiết SKU'!$R$2:$R$1253,"<=0") -> 1 | G23: =SUMIFS('Chi tiết SKU'!$M$2:$M$1253,'Chi tiết SKU'!$A$2:$A$1253,$A23) -> 5562 | H23: =SUMIFS('Chi tiết SKU'!$N$2:$N$1253,'Chi tiết SKU'!$A$2:$A$1253,$A23) -> 0 | I23: =SUMIFS('Chi tiết SKU'!$O$2:$O$1253,'Chi tiết SKU'!$A$2:$A$1253,$A23) -> 0 | J23: =SUMIFS('Chi tiết SKU'!$T$2:$T$1253,'Chi tiết SKU'!$A$2:$A$1253,$A23) -> 341550000 | K23: =IFERROR(SUMIFS('Chi tiết SKU'!$S$2:$S$1253,'Chi tiết SKU'!$A$2:$A$1253,$A23)/E23,0) -> 7.5217391 | L23: 0.08 | M23: =IF(F23/E23>=$P$2,"CHẾT – hết hàng",IF(AND(H23>=$P$3,H23>=G23),"ĐẨY XUỐNG CH",IF(K23<$P$4,"PHỦ MỎNG","OK"))) -> PHỦ MỎNG | N23: Phủ mỏng: xác định CH bán được (top 8–10) và dồn hàng, tránh để 1–2 sp/CH không đủ trưng bày.
A24: CT031 | B24: THỰC PHẨM | C24: Mì chính 1kg giá 225K->209K | D24: Discount | E24: =COUNTIFS('Chi tiết SKU'!$A$2:$A$1253,$A24) -> 1 | F24: =COUNTIFS('Chi tiết SKU'!$A$2:$A$1253,$A24,'Chi tiết SKU'!$R$2:$R$1253,"<=0") -> 0 | G24: =SUMIFS('Chi tiết SKU'!$M$2:$M$1253,'Chi tiết SKU'!$A$2:$A$1253,$A24) -> 787 | H24: =SUMIFS('Chi tiết SKU'!$N$2:$N$1253,'Chi tiết SKU'!$A$2:$A$1253,$A24) -> 360 | I24: =SUMIFS('Chi tiết SKU'!$O$2:$O$1253,'Chi tiết SKU'!$A$2:$A$1253,$A24) -> 289 | J24: =SUMIFS('Chi tiết SKU'!$T$2:$T$1253,'Chi tiết SKU'!$A$2:$A$1253,$A24) -> 318360000 | K24: =IFERROR(SUMIFS('Chi tiết SKU'!$S$2:$S$1253,'Chi tiết SKU'!$A$2:$A$1253,$A24)/E24,0) -> 24 | L24: 0.07111 | M24: =IF(F24/E24>=$P$2,"CHẾT – hết hàng",IF(AND(H24>=$P$3,H24>=G24),"ĐẨY XUỐNG CH",IF(K24<$P$4,"PHỦ MỎNG","OK"))) -> OK | N24: Đủ hàng: tập trung trưng bày + kịch bản tư vấn, theo dõi sell-out tuần.
A25: CT018 | B25: HÀNG ĐÔNG LẠNH | C25: Thịt bò Sakura Beef mua 3 tặng 1, mua 5 tặng 2 (đồng thời tặng kèm 1 túi giữ nhiệt) | D25: Mua càng nhiều giá càng rẻ | E25: =COUNTIFS('Chi tiết SKU'!$A$2:$A$1253,$A25) -> 2 | F25: =COUNTIFS('Chi tiết SKU'!$A$2:$A$1253,$A25,'Chi tiết SKU'!$R$2:$R$1253,"<=0") -> 0 | G25: =SUMIFS('Chi tiết SKU'!$M$2:$M$1253,'Chi tiết SKU'!$A$2:$A$1253,$A25) -> 2457 | H25: =SUMIFS('Chi tiết SKU'!$N$2:$N$1253,'Chi tiết SKU'!$A$2:$A$1253,$A25) -> 0 | I25: =SUMIFS('Chi tiết SKU'!$O$2:$O$1253,'Chi tiết SKU'!$A$2:$A$1253,$A25) -> 0 | J25: =SUMIFS('Chi tiết SKU'!$T$2:$T$1253,'Chi tiết SKU'!$A$2:$A$1253,$A25) -> 289926000 | K25: =IFERROR(SUMIFS('Chi tiết SKU'!$S$2:$S$1253,'Chi tiết SKU'!$A$2:$A$1253,$A25)/E25,0) -> 15.5 | L25: 0.28571 | M25: =IF(F25/E25>=$P$2,"CHẾT – hết hàng",IF(AND(H25>=$P$3,H25>=G25),"ĐẨY XUỐNG CH",IF(K25<$P$4,"PHỦ MỎNG","OK"))) -> OK | N25: Đủ hàng: tập trung trưng bày + kịch bản tư vấn, theo dõi sell-out tuần.
A26: CT053 | B26: CHĂM SÓC SỨC KHỎE | C26: Collagen Alfe mua 1 giảm 10%, mua từ 3 giảm 20% | D26: Mua càng nhiều giá càng rẻ | E26: =COUNTIFS('Chi tiết SKU'!$A$2:$A$1253,$A26) -> 3 | F26: =COUNTIFS('Chi tiết SKU'!$A$2:$A$1253,$A26,'Chi tiết SKU'!$R$2:$R$1253,"<=0") -> 0 | G26: =SUMIFS('Chi tiết SKU'!$M$2:$M$1253,'Chi tiết SKU'!$A$2:$A$1253,$A26) -> 566 | H26: =SUMIFS('Chi tiết SKU'!$N$2:$N$1253,'Chi tiết SKU'!$A$2:$A$1253,$A26) -> 0 | I26: =SUMIFS('Chi tiết SKU'!$O$2:$O$1253,'Chi tiết SKU'!$A$2:$A$1253,$A26) -> 24 | J26: =SUMIFS('Chi tiết SKU'!$T$2:$T$1253,'Chi tiết SKU'!$A$2:$A$1253,$A26) -> 289394000 | K26: =IFERROR(SUMIFS('Chi tiết SKU'!$S$2:$S$1253,'Chi tiết SKU'!$A$2:$A$1253,$A26)/E26,0) -> 22.666667 | L26: 0.2 | M26: =IF(F26/E26>=$P$2,"CHẾT – hết hàng",IF(AND(H26>=$P$3,H26>=G26),"ĐẨY XUỐNG CH",IF(K26<$P$4,"PHỦ MỎNG","OK"))) -> OK | N26: Đủ hàng: tập trung trưng bày + kịch bản tư vấn, theo dõi sell-out tuần.
A27: CT011 | B27: THỰC PHẨM FRESH | C27: Phomai QBB giá 85K->75K | D27: Discount | E27: =COUNTIFS('Chi tiết SKU'!$A$2:$A$1253,$A27) -> 12 | F27: =COUNTIFS('Chi tiết SKU'!$A$2:$A$1253,$A27,'Chi tiết SKU'!$R$2:$R$1253,"<=0") -> 0 | G27: =SUMIFS('Chi tiết SKU'!$M$2:$M$1253,'Chi tiết SKU'!$A$2:$A$1253,$A27) -> 3709 | H27: =SUMIFS('Chi tiết SKU'!$N$2:$N$1253,'Chi tiết SKU'!$A$2:$A$1253,$A27) -> 0 | I27: =SUMIFS('Chi tiết SKU'!$O$2:$O$1253,'Chi tiết SKU'!$A$2:$A$1253,$A27) -> 0 | J27: =SUMIFS('Chi tiết SKU'!$T$2:$T$1253,'Chi tiết SKU'!$A$2:$A$1253,$A27) -> 278175000 | K27: =IFERROR(SUMIFS('Chi tiết SKU'!$S$2:$S$1253,'Chi tiết SKU'!$A$2:$A$1253,$A27)/E27,0) -> 16.083333 | L27: 0.11765 | M27: =IF(F27/E27>=$P$2,"CHẾT – hết hàng",IF(AND(H27>=$P$3,H27>=G27),"ĐẨY XUỐNG CH",IF(K27<$P$4,"PHỦ MỎNG","OK"))) -> OK | N27: Đủ hàng: tập trung trưng bày + kịch bản tư vấn, theo dõi sell-out tuần.
A28: CT020 | B28: CHĂM SÓC SẮC ĐẸP | C28: Combo Gội xả Hatomugi giá 330K chỉ còn 239K | D28: Combo | E28: =COUNTIFS('Chi tiết SKU'!$A$2:$A$1253,$A28) -> 2 | F28: =COUNTIFS('Chi tiết SKU'!$A$2:$A$1253,$A28,'Chi tiết SKU'!$R$2:$R$1253,"<=0") -> 0 | G28: =SUMIFS('Chi tiết SKU'!$M$2:$M$1253,'Chi tiết SKU'!$A$2:$A$1253,$A28) -> 478 | H28: =SUMIFS('Chi tiết SKU'!$N$2:$N$1253,'Chi tiết SKU'!$A$2:$A$1253,$A28) -> 1728 | I28: =SUMIFS('Chi tiết SKU'!$O$2:$O$1253,'Chi tiết SKU'!$A$2:$A$1253,$A28) -> 116 | J28: =SUMIFS('Chi tiết SKU'!$T$2:$T$1253,'Chi tiết SKU'!$A$2:$A$1253,$A28) -> 276318000 | K28: =IFERROR(SUMIFS('Chi tiết SKU'!$S$2:$S$1253,'Chi tiết SKU'!$A$2:$A$1253,$A28)/E28,0) -> 23 | L28: 0.27576 | M28: =IF(F28/E28>=$P$2,"CHẾT – hết hàng",IF(AND(H28>=$P$3,H28>=G28),"ĐẨY XUỐNG CH",IF(K28<$P$4,"PHỦ MỎNG","OK"))) -> ĐẨY XUỐNG CH | N28: Xả cuối vụ: dồn hàng về CH bán tốt, bàn/thùng đồng giá ở lối vào; KPI sell-through ≥70% đến 31/10.
A29: CT036 | B29: CHĂM SÓC SẮC ĐẸP | C29: Thuốc nhộm Hoyu giá 285k->259k | D29: Discount | E29: =COUNTIFS('Chi tiết SKU'!$A$2:$A$1253,$A29) -> 6 | F29: =COUNTIFS('Chi tiết SKU'!$A$2:$A$1253,$A29,'Chi tiết SKU'!$R$2:$R$1253,"<=0") -> 0 | G29: =SUMIFS('Chi tiết SKU'!$M$2:$M$1253,'Chi tiết SKU'!$A$2:$A$1253,$A29) -> 892 | H29: =SUMIFS('Chi tiết SKU'!$N$2:$N$1253,'Chi tiết SKU'!$A$2:$A$1253,$A29) -> 22 | I29: =SUMIFS('Chi tiết SKU'!$O$2:$O$1253,'Chi tiết SKU'!$A$2:$A$1253,$A29) -> 106 | J29: =SUMIFS('Chi tiết SKU'!$T$2:$T$1253,'Chi tiết SKU'!$A$2:$A$1253,$A29) -> 272468000 | K29: =IFERROR(SUMIFS('Chi tiết SKU'!$S$2:$S$1253,'Chi tiết SKU'!$A$2:$A$1253,$A29)/E29,0) -> 22.5 | L29: 0.09123 | M29: =IF(F29/E29>=$P$2,"CHẾT – hết hàng",IF(AND(H29>=$P$3,H29>=G29),"ĐẨY XUỐNG CH",IF(K29<$P$4,"PHỦ MỎNG","OK"))) -> OK | N29: Đủ hàng: tập trung trưng bày + kịch bản tư vấn, theo dõi sell-out tuần.
A30: CT029 | B30: THỰC PHẨM | C30: Ngũ cốc Calbee giá 205K->169K | D30: Discount | E30: =COUNTIFS('Chi tiết SKU'!$A$2:$A$1253,$A30) -> 4 | F30: =COUNTIFS('Chi tiết SKU'!$A$2:$A$1253,$A30,'Chi tiết SKU'!$R$2:$R$1253,"<=0") -> 0 | G30: =SUMIFS('Chi tiết SKU'!$M$2:$M$1253,'Chi tiết SKU'!$A$2:$A$1253,$A30) -> 994 | H30: =SUMIFS('Chi tiết SKU'!$N$2:$N$1253,'Chi tiết SKU'!$A$2:$A$1253,$A30) -> 0 | I30: =SUMIFS('Chi tiết SKU'!$O$2:$O$1253,'Chi tiết SKU'!$A$2:$A$1253,$A30) -> 262 | J30: =SUMIFS('Chi tiết SKU'!$T$2:$T$1253,'Chi tiết SKU'!$A$2:$A$1253,$A30) -> 269640000 | K30: =IFERROR(SUMIFS('Chi tiết SKU'!$S$2:$S$1253,'Chi tiết SKU'!$A$2:$A$1253,$A30)/E30,0) -> 18.25 | L30: 0.18462 | M30: =IF(F30/E30>=$P$2,"CHẾT – hết hàng",IF(AND(H30>=$P$3,H30>=G30),"ĐẨY XUỐNG CH",IF(K30<$P$4,"PHỦ MỎNG","OK"))) -> OK | N30: Đủ hàng: tập trung trưng bày + kịch bản tư vấn, theo dõi sell-out tuần.
A31: CT071 | B31: CHĂM SÓC SẮC ĐẸP | C31: Giảm ngay 100k khi mua mĩ phẩm cao cấp ATTENIR | D31: Discount | E31: =COUNTIFS('Chi tiết SKU'!$A$2:$A$1253,$A31) -> 9 | F31: =COUNTIFS('Chi tiết SKU'!$A$2:$A$1253,$A31,'Chi tiết SKU'!$R$2:$R$1253,"<=0") -> 0 | G31: =SUMIFS('Chi tiết SKU'!$M$2:$M$1253,'Chi tiết SKU'!$A$2:$A$1253,$A31) -> 324 | H31: =SUMIFS('Chi tiết SKU'!$N$2:$N$1253,'Chi tiết SKU'!$A$2:$A$1253,$A31) -> 0 | I31: =SUMIFS('Chi tiết SKU'!$O$2:$O$1253,'Chi tiết SKU'!$A$2:$A$1253,$A31) -> 0 | J31: =SUMIFS('Chi tiết SKU'!$T$2:$T$1253,'Chi tiết SKU'!$A$2:$A$1253,$A31) -> 259276000 | K31: =IFERROR(SUMIFS('Chi tiết SKU'!$S$2:$S$1253,'Chi tiết SKU'!$A$2:$A$1253,$A31)/E31,0) -> 9.7777778 | L31: 0.1497 | M31: =IF(F31/E31>=$P$2,"CHẾT – hết hàng",IF(AND(H31>=$P$3,H31>=G31),"ĐẨY XUỐNG CH",IF(K31<$P$4,"PHỦ MỎNG","OK"))) -> OK | N31: Đủ hàng: tập trung trưng bày + kịch bản tư vấn, theo dõi sell-out tuần.
A32: CT015 | B32: CHĂM SÓC HÀNG NGÀY | C32: Giảm ngay 15K khi mua băng vệ sinh Kleannara | D32: Discount | E32: =COUNTIFS('Chi tiết SKU'!$A$2:$A$1253,$A32) -> 14 | F32: =COUNTIFS('Chi tiết SKU'!$A$2:$A$1253,$A32,'Chi tiết SKU'!$R$2:$R$1253,"<=0") -> 0 | G32: =SUMIFS('Chi tiết SKU'!$M$2:$M$1253,'Chi tiết SKU'!$A$2:$A$1253,$A32) -> 1780 | H32: =SUMIFS('Chi tiết SKU'!$N$2:$N$1253,'Chi tiết SKU'!$A$2:$A$1253,$A32) -> 563 | I32: =SUMIFS('Chi tiết SKU'!$O$2:$O$1253,'Chi tiết SKU'!$A$2:$A$1253,$A32) -> 283 | J32: =SUMIFS('Chi tiết SKU'!$T$2:$T$1253,'Chi tiết SKU'!$A$2:$A$1253,$A32) -> 258196000 | K32: =IFERROR(SUMIFS('Chi tiết SKU'!$S$2:$S$1253,'Chi tiết SKU'!$A$2:$A$1253,$A32)/E32,0) -> 18.857143 | L32: 0.136645 | M32: =IF(F32/E32>=$P$2,"CHẾT – hết hàng",IF(AND(H32>=$P$3,H32>=G32),"ĐẨY XUỐNG CH",IF(K32<$P$4,"PHỦ MỎNG","OK"))) -> OK | N32: Đủ hàng: tập trung trưng bày + kịch bản tư vấn, theo dõi sell-out tuần.
A33: CT008 | B33: CHĂM SÓC HÀNG NGÀY | C33: KĐR White&White, muối mua 3 tặng 1 | D33: Combo | E33: =COUNTIFS('Chi tiết SKU'!$A$2:$A$1253,$A33) -> 2 | F33: =COUNTIFS('Chi tiết SKU'!$A$2:$A$1253,$A33,'Chi tiết SKU'!$R$2:$R$1253,"<=0") -> 0 | G33: =SUMIFS('Chi tiết SKU'!$M$2:$M$1253,'Chi tiết SKU'!$A$2:$A$1253,$A33) -> 2714 | H33: =SUMIFS('Chi tiết SKU'!$N$2:$N$1253,'Chi tiết SKU'!$A$2:$A$1253,$A33) -> 638 | I33: =SUMIFS('Chi tiết SKU'!$O$2:$O$1253,'Chi tiết SKU'!$A$2:$A$1253,$A33) -> 1077 | J33: =SUMIFS('Chi tiết SKU'!$T$2:$T$1253,'Chi tiết SKU'!$A$2:$A$1253,$A33) -> 250320000 | K33: =IFERROR(SUMIFS('Chi tiết SKU'!$S$2:$S$1253,'Chi tiết SKU'!$A$2:$A$1253,$A33)/E33,0) -> 23 | L33: 0.25 | M33: =IF(F33/E33>=$P$2,"CHẾT – hết hàng",IF(AND(H33>=$P$3,H33>=G33),"ĐẨY XUỐNG CH",IF(K33<$P$4,"PHỦ MỎNG","OK"))) -> OK | N33: Đủ hàng: tập trung trưng bày + kịch bản tư vấn, theo dõi sell-out tuần.
... A68: CT046 | B68: ĐỒ UỐNG | C68: Trà Oolong, trà sữa 1.5L giá chỉ còn 69K | D68: Discount | E68: =COUNTIFS('Chi tiết SKU'!$A$2:$A$1253,$A68) -> 2 | F68: =COUNTIFS('Chi tiết SKU'!$A$2:$A$1253,$A68,'Chi tiết SKU'!$R$2:$R$1253,"<=0") -> 0 | G68: =SUMIFS('Chi tiết SKU'!$M$2:$M$1253,'Chi tiết SKU'!$A$2:$A$1253,$A68) -> 601 | H68: =SUMIFS('Chi tiết SKU'!$N$2:$N$1253,'Chi tiết SKU'!$A$2:$A$1253,$A68) -> 0 | I68: =SUMIFS('Chi tiết SKU'!$O$2:$O$1253,'Chi tiết SKU'!$A$2:$A$1253,$A68) -> 130 | J68: =SUMIFS('Chi tiết SKU'!$T$2:$T$1253,'Chi tiết SKU'!$A$2:$A$1253,$A68) -> 52283000 | K68: =IFERROR(SUMIFS('Chi tiết SKU'!$S$2:$S$1253,'Chi tiết SKU'!$A$2:$A$1253,$A68)/E68,0) -> 21 | L68: 0.22462 | M68: =IF(F68/E68>=$P$2,"CHẾT – hết hàng",IF(AND(H68>=$P$3,H68>=G68),"ĐẨY XUỐNG CH",IF(K68<$P$4,"PHỦ MỎNG","OK"))) -> OK | N68: Đủ hàng: tập trung trưng bày + kịch bản tư vấn, theo dõi sell-out tuần.
A69: CT075 | B69: ĐỒ UỐNG | C69: Trà lá ổi nguyên chất 100% 200K->190K | D69: Discount | E69: =COUNTIFS('Chi tiết SKU'!$A$2:$A$1253,$A69) -> 1 | F69: =COUNTIFS('Chi tiết SKU'!$A$2:$A$1253,$A69,'Chi tiết SKU'!$R$2:$R$1253,"<=0") -> 0 | G69: =SUMIFS('Chi tiết SKU'!$M$2:$M$1253,'Chi tiết SKU'!$A$2:$A$1253,$A69) -> 234 | H69: =SUMIFS('Chi tiết SKU'!$N$2:$N$1253,'Chi tiết SKU'!$A$2:$A$1253,$A69) -> 0 | I69: =SUMIFS('Chi tiết SKU'!$O$2:$O$1253,'Chi tiết SKU'!$A$2:$A$1253,$A69) -> 24 | J69: =SUMIFS('Chi tiết SKU'!$T$2:$T$1253,'Chi tiết SKU'!$A$2:$A$1253,$A69) -> 52200000 | K69: =IFERROR(SUMIFS('Chi tiết SKU'!$S$2:$S$1253,'Chi tiết SKU'!$A$2:$A$1253,$A69)/E69,0) -> 23 | M69: =IF(F69/E69>=$P$2,"CHẾT – hết hàng",IF(AND(H69>=$P$3,H69>=G69),"ĐẨY XUỐNG CH",IF(K69<$P$4,"PHỦ MỎNG","OK"))) -> OK | N69: Đủ hàng: tập trung trưng bày + kịch bản tư vấn, theo dõi sell-out tuần.
A70: CT042 | B70: ĐỒ CHO MẸ BÉ | C70: Bánh ăn dặm beanstalk giá 69K->59K | D70: Discount | E70: =COUNTIFS('Chi tiết SKU'!$A$2:$A$1253,$A70) -> 6 | F70: =COUNTIFS('Chi tiết SKU'!$A$2:$A$1253,$A70,'Chi tiết SKU'!$R$2:$R$1253,"<=0") -> 0 | G70: =SUMIFS('Chi tiết SKU'!$M$2:$M$1253,'Chi tiết SKU'!$A$2:$A$1253,$A70) -> 775 | H70: =SUMIFS('Chi tiết SKU'!$N$2:$N$1253,'Chi tiết SKU'!$A$2:$A$1253,$A70) -> 0 | I70: =SUMIFS('Chi tiết SKU'!$O$2:$O$1253,'Chi tiết SKU'!$A$2:$A$1253,$A70) -> 70 | J70: =SUMIFS('Chi tiết SKU'!$T$2:$T$1253,'Chi tiết SKU'!$A$2:$A$1253,$A70) -> 49855000 | K70: =IFERROR(SUMIFS('Chi tiết SKU'!$S$2:$S$1253,'Chi tiết SKU'!$A$2:$A$1253,$A70)/E70,0) -> 18.5 | L70: 0.14493 | M70: =IF(F70/E70>=$P$2,"CHẾT – hết hàng",IF(AND(H70>=$P$3,H70>=G70),"ĐẨY XUỐNG CH",IF(K70<$P$4,"PHỦ MỎNG","OK"))) -> OK | N70: Đủ hàng: tập trung trưng bày + kịch bản tư vấn, theo dõi sell-out tuần.
A71: CT077 | B71: ĐỒ UỐNG | C71: Trà diếp cá túi lọc 200K->190K | D71: Discount | E71: =COUNTIFS('Chi tiết SKU'!$A$2:$A$1253,$A71) -> 1 | F71: =COUNTIFS('Chi tiết SKU'!$A$2:$A$1253,$A71,'Chi tiết SKU'!$R$2:$R$1253,"<=0") -> 0 | G71: =SUMIFS('Chi tiết SKU'!$M$2:$M$1253,'Chi tiết SKU'!$A$2:$A$1253,$A71) -> 222 | H71: =SUMIFS('Chi tiết SKU'!$N$2:$N$1253,'Chi tiết SKU'!$A$2:$A$1253,$A71) -> 0 | I71: =SUMIFS('Chi tiết SKU'!$O$2:$O$1253,'Chi tiết SKU'!$A$2:$A$1253,$A71) -> 24 | J71: =SUMIFS('Chi tiết SKU'!$T$2:$T$1253,'Chi tiết SKU'!$A$2:$A$1253,$A71) -> 49800000 | K71: =IFERROR(SUMIFS('Chi tiết SKU'!$S$2:$S$1253,'Chi tiết SKU'!$A$2:$A$1253,$A71)/E71,0) -> 22 | M71: =IF(F71/E71>=$P$2,"CHẾT – hết hàng",IF(AND(H71>=$P$3,H71>=G71),"ĐẨY XUỐNG CH",IF(K71<$P$4,"PHỦ MỎNG","OK"))) -> OK | N71: Đủ hàng: tập trung trưng bày + kịch bản tư vấn, theo dõi sell-out tuần.
A72: CT073 | B72: NHÀ CỬA ĐỜI SỐNG | C72: Nồi nấu đa năng SKK đồng giá 150K | D72: Discount | E72: =COUNTIFS('Chi tiết SKU'!$A$2:$A$1253,$A72) -> 10 | F72: =COUNTIFS('Chi tiết SKU'!$A$2:$A$1253,$A72,'Chi tiết SKU'!$R$2:$R$1253,"<=0") -> 0 | G72: =SUMIFS('Chi tiết SKU'!$M$2:$M$1253,'Chi tiết SKU'!$A$2:$A$1253,$A72) -> 301 | H72: =SUMIFS('Chi tiết SKU'!$N$2:$N$1253,'Chi tiết SKU'!$A$2:$A$1253,$A72) -> 0 | I72: =SUMIFS('Chi tiết SKU'!$O$2:$O$1253,'Chi tiết SKU'!$A$2:$A$1253,$A72) -> 0 | J72: =SUMIFS('Chi tiết SKU'!$T$2:$T$1253,'Chi tiết SKU'!$A$2:$A$1253,$A72) -> 45399000 | K72: =IFERROR(SUMIFS('Chi tiết SKU'!$S$2:$S$1253,'Chi tiết SKU'!$A$2:$A$1253,$A72)/E72,0) -> 6.7 | L72: 0.79638 | M72: =IF(F72/E72>=$P$2,"CHẾT – hết hàng",IF(AND(H72>=$P$3,H72>=G72),"ĐẨY XUỐNG CH",IF(K72<$P$4,"PHỦ MỎNG","OK"))) -> PHỦ MỎNG | N72: Phủ mỏng: xác định CH bán được (top 8–10) và dồn hàng, tránh để 1–2 sp/CH không đủ trưng bày.
A73: CT027 | B73: ĐỒ CHO MẸ BÉ | C73: Giấy ướt mua 3 tặng 1 | D73: Combo | E73: =COUNTIFS('Chi tiết SKU'!$A$2:$A$1253,$A73) -> 1 | F73: =COUNTIFS('Chi tiết SKU'!$A$2:$A$1253,$A73,'Chi tiết SKU'!$R$2:$R$1253,"<=0") -> 0 | G73: =SUMIFS('Chi tiết SKU'!$M$2:$M$1253,'Chi tiết SKU'!$A$2:$A$1253,$A73) -> 1219 | H73: =SUMIFS('Chi tiết SKU'!$N$2:$N$1253,'Chi tiết SKU'!$A$2:$A$1253,$A73) -> 306 | I73: =SUMIFS('Chi tiết SKU'!$O$2:$O$1253,'Chi tiết SKU'!$A$2:$A$1253,$A73) -> 100 | J73: =SUMIFS('Chi tiết SKU'!$T$2:$T$1253,'Chi tiết SKU'!$A$2:$A$1253,$A73) -> 43264000 | K73: =IFERROR(SUMIFS('Chi tiết SKU'!$S$2:$S$1253,'Chi tiết SKU'!$A$2:$A$1253,$A73)/E73,0) -> 22 | L73: 0.25 | M73: =IF(F73/E73>=$P$2,"CHẾT – hết hàng",IF(AND(H73>=$P$3,H73>=G73),"ĐẨY XUỐNG CH",IF(K73<$P$4,"PHỦ MỎNG","OK"))) -> OK | N73: Đủ hàng: tập trung trưng bày + kịch bản tư vấn, theo dõi sell-out tuần.
A74: CT033 | B74: ĐỒ UỐNG | C74: Coca nắp vặn 300ml mua từ 3 giá 39K->32K | D74: Combo | E74: =COUNTIFS('Chi tiết SKU'!$A$2:$A$1253,$A74) -> 1 | F74: =COUNTIFS('Chi tiết SKU'!$A$2:$A$1253,$A74,'Chi tiết SKU'!$R$2:$R$1253,"<=0") -> 0 | G74: =SUMIFS('Chi tiết SKU'!$M$2:$M$1253,'Chi tiết SKU'!$A$2:$A$1253,$A74) -> 1179 | H74: =SUMIFS('Chi tiết SKU'!$N$2:$N$1253,'Chi tiết SKU'!$A$2:$A$1253,$A74) -> 0 | I74: =SUMIFS('Chi tiết SKU'!$O$2:$O$1253,'Chi tiết SKU'!$A$2:$A$1253,$A74) -> 162 | J74: =SUMIFS('Chi tiết SKU'!$T$2:$T$1253,'Chi tiết SKU'!$A$2:$A$1253,$A74) -> 43168000 | K74: =IFERROR(SUMIFS('Chi tiết SKU'!$S$2:$S$1253,'Chi tiết SKU'!$A$2:$A$1253,$A74)/E74,0) -> 23 | L74: 0.17949 | M74: =IF(F74/E74>=$P$2,"CHẾT – hết hàng",IF(AND(H74>=$P$3,H74>=G74),"ĐẨY XUỐNG CH",IF(K74<$P$4,"PHỦ MỎNG","OK"))) -> OK | N74: Đủ hàng: tập trung trưng bày + kịch bản tư vấn, theo dõi sell-out tuần.
A75: CT050 | B75: CHĂM SÓC SẮC ĐẸP | C75: Bông tẩy trang Unicharm mua 2 tặng 1 | D75: Combo | E75: =COUNTIFS('Chi tiết SKU'!$A$2:$A$1253,$A75) -> 1 | F75: =COUNTIFS('Chi tiết SKU'!$A$2:$A$1253,$A75,'Chi tiết SKU'!$R$2:$R$1253,"<=0") -> 0 | G75: =SUMIFS('Chi tiết SKU'!$M$2:$M$1253,'Chi tiết SKU'!$A$2:$A$1253,$A75) -> 478 | H75: =SUMIFS('Chi tiết SKU'!$N$2:$N$1253,'Chi tiết SKU'!$A$2:$A$1253,$A75) -> 0 | I75: =SUMIFS('Chi tiết SKU'!$O$2:$O$1253,'Chi tiết SKU'!$A$2:$A$1253,$A75) -> 121 | J75: =SUMIFS('Chi tiết SKU'!$T$2:$T$1253,'Chi tiết SKU'!$A$2:$A$1253,$A75) -> 42273000 | K75: =IFERROR(SUMIFS('Chi tiết SKU'!$S$2:$S$1253,'Chi tiết SKU'!$A$2:$A$1253,$A75)/E75,0) -> 21 | L75: 0.33333 | M75: =IF(F75/E75>=$P$2,"CHẾT – hết hàng",IF(AND(H75>=$P$3,H75>=G75),"ĐẨY XUỐNG CH",IF(K75<$P$4,"PHỦ MỎNG","OK"))) -> OK | N75: Đủ hàng: tập trung trưng bày + kịch bản tư vấn, theo dõi sell-out tuần.
A76: CT080 | B76: CHĂM SÓC SỨC KHỎE | C76: Trà giảm mỡ bụng Genpi 220K->210K | D76: Discount | E76: =COUNTIFS('Chi tiết SKU'!$A$2:$A$1253,$A76) -> 1 | F76: =COUNTIFS('Chi tiết SKU'!$A$2:$A$1253,$A76,'Chi tiết SKU'!$R$2:$R$1253,"<=0") -> 0 | G76: =SUMIFS('Chi tiết SKU'!$M$2:$M$1253,'Chi tiết SKU'!$A$2:$A$1253,$A76) -> 131 | H76: =SUMIFS('Chi tiết SKU'!$N$2:$N$1253,'Chi tiết SKU'!$A$2:$A$1253,$A76) -> 0 | I76: =SUMIFS('Chi tiết SKU'!$O$2:$O$1253,'Chi tiết SKU'!$A$2:$A$1253,$A76) -> 38 | J76: =SUMIFS('Chi tiết SKU'!$T$2:$T$1253,'Chi tiết SKU'!$A$2:$A$1253,$A76) -> 40920000 | K76: =IFERROR(SUMIFS('Chi tiết SKU'!$S$2:$S$1253,'Chi tiết SKU'!$A$2:$A$1253,$A76)/E76,0) -> 23 | M76: =IF(F76/E76>=$P$2,"CHẾT – hết hàng",IF(AND(H76>=$P$3,H76>=G76),"ĐẨY XUỐNG CH",IF(K76<$P$4,"PHỦ MỎNG","OK"))) -> OK | N76: Đủ hàng: tập trung trưng bày + kịch bản tư vấn, theo dõi sell-out tuần.
A77: CT032 | B77: ĐỒ CHO MẸ BÉ | C77: Kem đánh răng KAO cho bé được tặng ngay 1 bàn chải cho UFC cho bé (174509) trị giá 40K | D77: Mua hàng tặng hàng | E77: =COUNTIFS('Chi tiết SKU'!$A$2:$A$1253,$A77) -> 4 | F77: =COUNTIFS('Chi tiết SKU'!$A$2:$A$1253,$A77,'Chi tiết SKU'!$R$2:$R$1253,"<=0") -> 0 | G77: =SUMIFS('Chi tiết SKU'!$M$2:$M$1253,'Chi tiết SKU'!$A$2:$A$1253,$A77) -> 573 | H77: =SUMIFS('Chi tiết SKU'!$N$2:$N$1253,'Chi tiết SKU'!$A$2:$A$1253,$A77) -> 770 | I77: =SUMIFS('Chi tiết SKU'!$O$2:$O$1253,'Chi tiết SKU'!$A$2:$A$1253,$A77) -> 107 | J77: =SUMIFS('Chi tiết SKU'!$T$2:$T$1253,'Chi tiết SKU'!$A$2:$A$1253,$A77) -> 37810000 | K77: =IFERROR(SUMIFS('Chi tiết SKU'!$S$2:$S$1253,'Chi tiết SKU'!$A$2:$A$1253,$A77)/E77,0) -> 17.75 | L77: 0.36036 | M77: =IF(F77/E77>=$P$2,"CHẾT – hết hàng",IF(AND(H77>=$P$3,H77>=G77),"ĐẨY XUỐNG CH",IF(K77<$P$4,"PHỦ MỎNG","OK"))) -> ĐẨY XUỐNG CH | N77: Kho LTT còn 770 > tồn CH 573: lệnh điều chuyển bổ sung xuống CH trong tuần này, nhất là CH đang 0.
A78: CT026 | B78: CHĂM SÓC SẮC ĐẸP | C78: Mặt nạ S-Labo 1 miếng mua 3 tặng 1 | D78: Combo | E78: =COUNTIFS('Chi tiết SKU'!$A$2:$A$1253,$A78) -> 3 | F78: =COUNTIFS('Chi tiết SKU'!$A$2:$A$1253,$A78,'Chi tiết SKU'!$R$2:$R$1253,"<=0") -> 0 | G78: =SUMIFS('Chi tiết SKU'!$M$2:$M$1253,'Chi tiết SKU'!$A$2:$A$1253,$A78) -> 1342 | H78: =SUMIFS('Chi tiết SKU'!$N$2:$N$1253,'Chi tiết SKU'!$A$2:$A$1253,$A78) -> 0 | I78: =SUMIFS('Chi tiết SKU'!$O$2:$O$1253,'Chi tiết SKU'!$A$2:$A$1253,$A78) -> 295 | J78: =SUMIFS('Chi tiết SKU'!$T$2:$T$1253,'Chi tiết SKU'!$A$2:$A$1253,$A78) -> 37004000 | K78: =IFERROR(SUMIFS('Chi tiết SKU'!$S$2:$S$1253,'Chi tiết SKU'!$A$2:$A$1253,$A78)/E78,0) -> 21.333333 | L78: 0.25 | M78: =IF(F78/E78>=$P$2,"CHẾT – hết hàng",IF(AND(H78>=$P$3,H78>=G78),"ĐẨY XUỐNG CH",IF(K78<$P$4,"PHỦ MỎNG","OK"))) -> OK | N78: Đủ hàng: tập trung trưng bày + kịch bản tư vấn, theo dõi sell-out tuần.
A79: CT054 | B79: THỰC PHẨM | C79: Ngũ cốc Nisin 220g giá 75K->59K | D79: Discount | E79: =COUNTIFS('Chi tiết SKU'!$A$2:$A$1253,$A79) -> 4 | F79: =COUNTIFS('Chi tiết SKU'!$A$2:$A$1253,$A79,'Chi tiết SKU'!$R$2:$R$1253,"<=0") -> 0 | G79: =SUMIFS('Chi tiết SKU'!$M$2:$M$1253,'Chi tiết SKU'!$A$2:$A$1253,$A79) -> 597 | H79: =SUMIFS('Chi tiết SKU'!$N$2:$N$1253,'Chi tiết SKU'!$A$2:$A$1253,$A79) -> 0 | I79: =SUMIFS('Chi tiết SKU'!$O$2:$O$1253,'Chi tiết SKU'!$A$2:$A$1253,$A79) -> 10 | J79: =SUMIFS('Chi tiết SKU'!$T$2:$T$1253,'Chi tiết SKU'!$A$2:$A$1253,$A79) -> 36420000 | K79: =IFERROR(SUMIFS('Chi tiết SKU'!$S$2:$S$1253,'Chi tiết SKU'!$A$2:$A$1253,$A79)/E79,0) -> 16.75 | L79: 0.21333 | M79: =IF(F79/E79>=$P$2,"CHẾT – hết hàng",IF(AND(H79>=$P$3,H79>=G79),"ĐẨY XUỐNG CH",IF(K79<$P$4,"PHỦ MỎNG","OK"))) -> OK | N79: Đủ hàng: tập trung trưng bày + kịch bản tư vấn, theo dõi sell-out tuần.
A80: CT079 | B80: CHĂM SÓC SẮC ĐẸP | C80: Tinh chất chống lão hóa Retinol giá 350K->189K | D80: Discount | E80: =COUNTIFS('Chi tiết SKU'!$A$2:$A$1253,$A80) -> 1 | F80: =COUNTIFS('Chi tiết SKU'!$A$2:$A$1253,$A80,'Chi tiết SKU'!$R$2:$R$1253,"<=0") -> 0 | G80: =SUMIFS('Chi tiết SKU'!$M$2:$M$1253,'Chi tiết SKU'!$A$2:$A$1253,$A80) -> 149 | H80: =SUMIFS('Chi tiết SKU'!$N$2:$N$1253,'Chi tiết SKU'!$A$2:$A$1253,$A80) -> 0 | I80: =SUMIFS('Chi tiết SKU'!$O$2:$O$1253,'Chi tiết SKU'!$A$2:$A$1253,$A80) -> 36 | J80: =SUMIFS('Chi tiết SKU'!$T$2:$T$1253,'Chi tiết SKU'!$A$2:$A$1253,$A80) -> 35154000 | K80: =IFERROR(SUMIFS('Chi tiết SKU'!$S$2:$S$1253,'Chi tiết SKU'!$A$2:$A$1253,$A80)/E80,0) -> 23 | L80: 0.46 | M80: =IF(F80/E80>=$P$2,"CHẾT – hết hàng",IF(AND(H80>=$P$3,H80>=G80),"ĐẨY XUỐNG CH",IF(K80<$P$4,"PHỦ MỎNG","OK"))) -> OK | N80: Đủ hàng: tập trung trưng bày + kịch bản tư vấn, theo dõi sell-out tuần.
A81: CT049 | B81: THỰC PHẨM | C81: Hạt nêm tảo bẹ 7, rau ci giá chỉ còn 49K | D81: Discount | E81: =COUNTIFS('Chi tiết SKU'!$A$2:$A$1253,$A81) -> 2 | F81: =COUNTIFS('Chi tiết SKU'!$A$2:$A$1253,$A81,'Chi tiết SKU'!$R$2:$R$1253,"<=0") -> 0 | G81: =SUMIFS('Chi tiết SKU'!$M$2:$M$1253,'Chi tiết SKU'!$A$2:$A$1253,$A81) -> 616 | H81: =SUMIFS('Chi tiết SKU'!$N$2:$N$1253,'Chi tiết SKU'!$A$2:$A$1253,$A81) -> 0 | I81: =SUMIFS('Chi tiết SKU'!$O$2:$O$1253,'Chi tiết SKU'!$A$2:$A$1253,$A81) -> 55 | J81: =SUMIFS('Chi tiết SKU'!$T$2:$T$1253,'Chi tiết SKU'!$A$2:$A$1253,$A81) -> 33106000 | K81: =IFERROR(SUMIFS('Chi tiết SKU'!$S$2:$S$1253,'Chi tiết SKU'!$A$2:$A$1253,$A81)/E81,0) -> 22.5 | L81: 0.241665 | M81: =IF(F81/E81>=$P$2,"CHẾT – hết hàng",IF(AND(H81>=$P$3,H81>=G81),"ĐẨY XUỐNG CH",IF(K81<$P$4,"PHỦ MỎNG","OK"))) -> OK | N81: Đủ hàng: tập trung trưng bày + kịch bản tư vấn, theo dõi sell-out tuần.
A82: CT078 | B82: ĐỒ CHO MẸ BÉ | C82: Dầu gội Latte 231042 mua 1 tặng 1 | D82: Mua hàng tặng hàng | E82: =COUNTIFS('Chi tiết SKU'!$A$2:$A$1253,$A82) -> 1 | F82: =COUNTIFS('Chi tiết SKU'!$A$2:$A$1253,$A82,'Chi tiết SKU'!$R$2:$R$1253,"<=0") -> 0 | G82: =SUMIFS('Chi tiết SKU'!$M$2:$M$1253,'Chi tiết SKU'!$A$2:$A$1253,$A82) -> 236 | H82: =SUMIFS('Chi tiết SKU'!$N$2:$N$1253,'Chi tiết SKU'!$A$2:$A$1253,$A82) -> 0 | I82: =SUMIFS('Chi tiết SKU'!$O$2:$O$1253,'Chi tiết SKU'!$A$2:$A$1253,$A82) -> 0 | J82: =SUMIFS('Chi tiết SKU'!$T$2:$T$1253,'Chi tiết SKU'!$A$2:$A$1253,$A82) -> 31624000 | K82: =IFERROR(SUMIFS('Chi tiết SKU'!$S$2:$S$1253,'Chi tiết SKU'!$A$2:$A$1253,$A82)/E82,0) -> 16 | L82: 0.5 | M82: =IF(F82/E82>=$P$2,"CHẾT – hết hàng",IF(AND(H82>=$P$3,H82>=G82),"ĐẨY XUỐNG CH",IF(K82<$P$4,"PHỦ MỎNG","OK"))) -> OK | N82: Đủ hàng: tập trung trưng bày + kịch bản tư vấn, theo dõi sell-out tuần.
A83: CT067 | B83: THỰC PHẨM | C83: Rắc cơm 30g Tanaka giá 85K->69K | D83: Discount | E83: =COUNTIFS('Chi tiết SKU'!$A$2:$A$1253,$A83) -> 1 | F83: =COUNTIFS('Chi tiết SKU'!$A$2:$A$1253,$A83,'Chi tiết SKU'!$R$2:$R$1253,"<=0") -> 0 | G83: =SUMIFS('Chi tiết SKU'!$M$2:$M$1253,'Chi tiết SKU'!$A$2:$A$1253,$A83) -> 279 | H83: =SUMIFS('Chi tiết SKU'!$N$2:$N$1253,'Chi tiết SKU'!$A$2:$A$1253,$A83) -> 0 | I83: =SUMIFS('Chi tiết SKU'!$O$2:$O$1253,'Chi tiết SKU'!$A$2:$A$1253,$A83) -> 116 | J83: =SUMIFS('Chi tiết SKU'!$T$2:$T$1253,'Chi tiết SKU'!$A$2:$A$1253,$A83) -> 27393000 | K83: =IFERROR(SUMIFS('Chi tiết SKU'!$S$2:$S$1253,'Chi tiết SKU'!$A$2:$A$1253,$A83)/E83,0) -> 22 | L83: 0.18824 | M83: =IF(F83/E83>=$P$2,"CHẾT – hết hàng",IF(AND(H83>=$P$3,H83>=G83),"ĐẨY XUỐNG CH",IF(K83<$P$4,"PHỦ MỎNG","OK"))) -> OK | N83: Đủ hàng: tập trung trưng bày + kịch bản tư vấn, theo dõi sell-out tuần.
A84: CT035 | B84: CHĂM SÓC SẮC ĐẸP | C84: Mặt nạ Saborino mua 2 tặng 1 | D84: Mua hàng tặng hàng | E84: =COUNTIFS('Chi tiết SKU'!$A$2:$A$1253,$A84) -> 1 | F84: =COUNTIFS('Chi tiết SKU'!$A$2:$A$1253,$A84,'Chi tiết SKU'!$R$2:$R$1253,"<=0") -> 0 | G84: =SUMIFS('Chi tiết SKU'!$M$2:$M$1253,'Chi tiết SKU'!$A$2:$A$1253,$A84) -> 1170 | H84: =SUMIFS('Chi tiết SKU'!$N$2:$N$1253,'Chi tiết SKU'!$A$2:$A$1253,$A84) -> 0 | I84: =SUMIFS('Chi tiết SKU'!$O$2:$O$1253,'Chi tiết SKU'!$A$2:$A$1253,$A84) -> 0 | J84: =SUMIFS('Chi tiết SKU'!$T$2:$T$1253,'Chi tiết SKU'!$A$2:$A$1253,$A84) -> 25828000 | K84: =IFERROR(SUMIFS('Chi tiết SKU'!$S$2:$S$1253,'Chi tiết SKU'!$A$2:$A$1253,$A84)/E84,0) -> 22 | L84: 0.33333 | M84: =IF(F84/E84>=$P$2,"CHẾT – hết hàng",IF(AND(H84>=$P$3,H84>=G84),"ĐẨY XUỐNG CH",IF(K84<$P$4,"PHỦ MỎNG","OK"))) -> OK | N84: Đủ hàng: tập trung trưng bày + kịch bản tư vấn, theo dõi sell-out tuần.
A85: CT030 | B85: THỜI TRANG | C85: Quần áo lót nam Kouyu mùa hè giá chỉ còn 15K | D85: Discount | E85: =COUNTIFS('Chi tiết SKU'!$A$2:$A$1253,$A85) -> 6 | F85: =COUNTIFS('Chi tiết SKU'!$A$2:$A$1253,$A85,'Chi tiết SKU'!$R$2:$R$1253,"<=0") -> 0 | G85: =SUMIFS('Chi tiết SKU'!$M$2:$M$1253,'Chi tiết SKU'!$A$2:$A$1253,$A85) -> 1572 | H85: =SUMIFS('Chi tiết SKU'!$N$2:$N$1253,'Chi tiết SKU'!$A$2:$A$1253,$A85) -> 0 | I85: =SUMIFS('Chi tiết SKU'!$O$2:$O$1253,'Chi tiết SKU'!$A$2:$A$1253,$A85) -> 0 | J85: =SUMIFS('Chi tiết SKU'!$T$2:$T$1253,'Chi tiết SKU'!$A$2:$A$1253,$A85) -> 24068000 | K85: =IFERROR(SUMIFS('Chi tiết SKU'!$S$2:$S$1253,'Chi tiết SKU'!$A$2:$A$1253,$A85)/E85,0) -> 10.833333 | L85: 0.767855 | M85: =IF(F85/E85>=$P$2,"CHẾT – hết hàng",IF(AND(H85>=$P$3,H85>=G85),"ĐẨY XUỐNG CH",IF(K85<$P$4,"PHỦ MỎNG","OK"))) -> OK | N85: Xả cuối vụ: dồn hàng về CH bán tốt, bàn/thùng đồng giá ở lối vào; KPI sell-through ≥70% đến 31/10.
A86: CT045 | B86: NHÀ CỬA ĐỜI SỐNG | C86: Hút ẩm KOKUBO mua 2 tặng 1 | D86: Combo | E86: =COUNTIFS('Chi tiết SKU'!$A$2:$A$1253,$A86) -> 1 | F86: =COUNTIFS('Chi tiết SKU'!$A$2:$A$1253,$A86,'Chi tiết SKU'!$R$2:$R$1253,"<=0") -> 0 | G86: =SUMIFS('Chi tiết SKU'!$M$2:$M$1253,'Chi tiết SKU'!$A$2:$A$1253,$A86) -> 324 | H86: =SUMIFS('Chi tiết SKU'!$N$2:$N$1253,'Chi tiết SKU'!$A$2:$A$1253,$A86) -> 432 | I86: =SUMIFS('Chi tiết SKU'!$O$2:$O$1253,'Chi tiết SKU'!$A$2:$A$1253,$A86) -> 5 | J86: =SUMIFS('Chi tiết SKU'!$T$2:$T$1253,'Chi tiết SKU'!$A$2:$A$1253,$A86) -> 22830000 | K86: =IFERROR(SUMIFS('Chi tiết SKU'!$S$2:$S$1253,'Chi tiết SKU'!$A$2:$A$1253,$A86)/E86,0) -> 20 | L86: 0.33333 | M86: =IF(F86/E86>=$P$2,"CHẾT – hết hàng",IF(AND(H86>=$P$3,H86>=G86),"ĐẨY XUỐNG CH",IF(K86<$P$4,"PHỦ MỎNG","OK"))) -> ĐẨY XUỐNG CH | N86: Kho LTT còn 432 > tồn CH 324: lệnh điều chuyển bổ sung xuống CH trong tuần này, nhất là CH đang 0.
A87: CT041 | B87: ĐỒ UỐNG | C87: Coca 160ml mua 2 tặng 1 | D87: Combo | E87: =COUNTIFS('Chi tiết SKU'!$A$2:$A$1253,$A87) -> 1 | F87: =COUNTIFS('Chi tiết SKU'!$A$2:$A$1253,$A87,'Chi tiết SKU'!$R$2:$R$1253,"<=0") -> 0 | G87: =SUMIFS('Chi tiết SKU'!$M$2:$M$1253,'Chi tiết SKU'!$A$2:$A$1253,$A87) -> 664 | H87: =SUMIFS('Chi tiết SKU'!$N$2:$N$1253,'Chi tiết SKU'!$A$2:$A$1253,$A87) -> 0 | I87: =SUMIFS('Chi tiết SKU'!$O$2:$O$1253,'Chi tiết SKU'!$A$2:$A$1253,$A87) -> 190 | J87: =SUMIFS('Chi tiết SKU'!$T$2:$T$1253,'Chi tiết SKU'!$A$2:$A$1253,$A87) -> 16226000 | K87: =IFERROR(SUMIFS('Chi tiết SKU'!$S$2:$S$1253,'Chi tiết SKU'!$A$2:$A$1253,$A87)/E87,0) -> 23 | L87: 0.33333 | M87: =IF(F87/E87>=$P$2,"CHẾT – hết hàng",IF(AND(H87>=$P$3,H87>=G87),"ĐẨY XUỐNG CH",IF(K87<$P$4,"PHỦ MỎNG","OK"))) -> OK | N87: Đủ hàng: tập trung trưng bày + kịch bản tư vấn, theo dõi sell-out tuần.
A88: CT089 | B88: CHĂM SÓC SỨC KHỎE | C88: Viên uống 5ALA giá 890K->199k | D88: Discount | E88: =COUNTIFS('Chi tiết SKU'!$A$2:$A$1253,$A88) -> 1 | F88: =COUNTIFS('Chi tiết SKU'!$A$2:$A$1253,$A88,'Chi tiết SKU'!$R$2:$R$1253,"<=0") -> 0 | G88: =SUMIFS('Chi tiết SKU'!$M$2:$M$1253,'Chi tiết SKU'!$A$2:$A$1253,$A88) -> 77 | H88: =SUMIFS('Chi tiết SKU'!$N$2:$N$1253,'Chi tiết SKU'!$A$2:$A$1253,$A88) -> 0 | I88: =SUMIFS('Chi tiết SKU'!$O$2:$O$1253,'Chi tiết SKU'!$A$2:$A$1253,$A88) -> 0 | J88: =SUMIFS('Chi tiết SKU'!$T$2:$T$1253,'Chi tiết SKU'!$A$2:$A$1253,$A88) -> 15400000 | K88: =IFERROR(SUMIFS('Chi tiết SKU'!$S$2:$S$1253,'Chi tiết SKU'!$A$2:$A$1253,$A88)/E88,0) -> 7 | L88: 0.7764 | M88: =IF(F88/E88>=$P$2,"CHẾT – hết hàng",IF(AND(H88>=$P$3,H88>=G88),"ĐẨY XUỐNG CH",IF(K88<$P$4,"PHỦ MỎNG","OK"))) -> PHỦ MỎNG | N88: Phủ mỏng: xác định CH bán được (top 8–10) và dồn hàng, tránh để 1–2 sp/CH không đủ trưng bày.
... A104: CT100 | B104: NHÀ CỬA ĐỜI SỐNG | C104: Nồi áp suất SKK giá chỉ còn 299K | D104: Discount | E104: =COUNTIFS('Chi tiết SKU'!$A$2:$A$1253,$A104) -> 2 | F104: =COUNTIFS('Chi tiết SKU'!$A$2:$A$1253,$A104,'Chi tiết SKU'!$R$2:$R$1253,"<=0") -> 2 | G104: =SUMIFS('Chi tiết SKU'!$M$2:$M$1253,'Chi tiết SKU'!$A$2:$A$1253,$A104) -> 0 | H104: =SUMIFS('Chi tiết SKU'!$N$2:$N$1253,'Chi tiết SKU'!$A$2:$A$1253,$A104) -> 0 | I104: =SUMIFS('Chi tiết SKU'!$O$2:$O$1253,'Chi tiết SKU'!$A$2:$A$1253,$A104) -> 0 | J104: =SUMIFS('Chi tiết SKU'!$T$2:$T$1253,'Chi tiết SKU'!$A$2:$A$1253,$A104) -> 0 | K104: =IFERROR(SUMIFS('Chi tiết SKU'!$S$2:$S$1253,'Chi tiết SKU'!$A$2:$A$1253,$A104)/E104,0) -> 0 | L104: 0.84375 | M104: =IF(F104/E104>=$P$2,"CHẾT – hết hàng",IF(AND(H104>=$P$3,H104>=G104),"ĐẨY XUỐNG CH",IF(K104<$P$4,"PHỦ MỎNG","OK"))) -> CHẾT – hết hàng | N104: Gỡ POSM/bảng giá tại CH, báo MKT dừng truyền thông; hỏi ngành hàng còn hàng về không – nếu không, đóng CT sớm.

Sheet Cần điều chuyển
A1: SKU KM CÓ HÀNG Ở KHO LTT NHƯNG CÓ CH ĐANG = 0 (đã loại giày & gia dụng KAI/KAIYO long-tail; loại SKK Vũ Phạm Hàm vì 0 tồn toàn bộ)
A3: Mã CT | B3: Ngành hàng | C3: Item | D3: Tên SP | E3: Nội dung CTKM | F3: Kho LTT | G3: Tồn CH | H3: Số CH = 0 | I3: Gợi ý cấp/CH thiếu | J3: Các CH đang = 0
A4: CT001 | B4: THỜI TRANG | C4: 142030 | D4: NISHIMATSUYA- Áo Khoác Trẻ em Nhật Bản | E4: Thời trang Nishimatsuya mùa đông giảm ngay 20% | F4: 337 | G4: 86 | H4: 17 | I4: =MIN(ROUNDUP(G4/MAX(1,24-H4),0),ROUNDDOWN(F4/H4,0)) -> 13 | J4: CVS 108-110 Linh Lang, Store JP Mandarin C1, Store JP Thái Hà, Store JP Trần Đăng Ninh, Store JP Nguyễn Du, Store JP Hàng Bông, Store JP Văn Phú, Store JP Hàm Nghi, Store JP Ngoại Giao Đoàn, SKK Trần Duy Hưng, Store JP Nguyễn Văn Lộc, Store JP Ecohome 3, SKK Vinhome Green Bay, SKK Xuân La, SKK Sài Đồng, SKK Bạch Mai, CVS 34 Vũ Phạm Hàm
A5: CT001 | B5: THỜI TRANG | C5: 142447 | D5: NISHIMATSUYA- Áo Len Áo Nỉ Nhật Bản | E5: Thời trang Nishimatsuya mùa đông giảm ngay 20% | F5: 5329 | G5: 1987 | H5: 14 | I5: =MIN(ROUNDUP(G5/MAX(1,24-H5),0),ROUNDDOWN(F5/H5,0)) -> 199 | J5: CVS 108-110 Linh Lang, Store JP Mandarin C1, Store JP Hàng Bông, Store JP Văn Phú, Store JP Hàm Nghi, Store JP Nguyễn Tuân, SKK Trần Duy Hưng, Store JP Ecohome 3, SKK Vinhome Green Bay, SKK Xuân La, SKK Nguyễn Khuyến, SKK Bạch Mai, SKK Bắc Ninh, CVS 34 Vũ Phạm Hàm
A6: CT024 | B6: CHĂM SÓC HÀNG NGÀY | C6: 30116 | D6: ELIS- BVS dạng quần size M-L màu da (2c) | E6: Mua băng vệ sinh ELLEAIR hằng ngày, ban đêm tặng ngay 1 băng vệ sinh quần (30116, 30115) trị giá 50K | F6: 10 | G6: 146 | H6: 13 | I6: =MIN(ROUNDUP(G6/MAX(1,24-H6),0),ROUNDDOWN(F6/H6,0)) -> 0 | J6: CVS 108-110 Linh Lang, Store JP Nguyễn Du, Store JP Hàng Bông, Store JP Nguyễn Tuân, Store JP Ngoại Giao Đoàn, Store JP Nguyễn Văn Lộc, Store JP T6 Time City, Store JP Ecohome 3, SKK Vinhome Green Bay, SKK Xuân La, SKK Sài Đồng, SKK Bắc Ninh, CVS 34 Vũ Phạm Hàm
A7: CT001 | B7: THỜI TRANG | C7: 142035 | D7: NISHIMATSUYA- Bộ Quần Áo Trẻ em Nhật Bản (Set rời) | E7: Thời trang Nishimatsuya mùa đông giảm ngay 20% | F7: 232 | G7: 453 | H7: 12 | I7: =MIN(ROUNDUP(G7/MAX(1,24-H7),0),ROUNDDOWN(F7/H7,0)) -> 19 | J7: CVS 108-110 Linh Lang, Store JP Linh Đàm, Store JP Thái Hà, Store JP Trần Đăng Ninh, Store JP Hàng Bông, Store JP Hàm Nghi, SKK Trần Duy Hưng, Store JP Ecohome 3, SKK Vinhome Green Bay, SKK Xuân La, SKK Bạch Mai, CVS 34 Vũ Phạm Hàm
A8: CT002 | B8: CHĂM SÓC SẮC ĐẸP | C8: 102436 | D8: UNO- Sữa rửa mặt tạo bọt sạch nhờn 130g | E8: 10% | F8: 34 | G8: 36 | H8: 11 | I8: =MIN(ROUNDUP(G8/MAX(1,24-H8),0),ROUNDDOWN(F8/H8,0)) -> 3 | J8: Store JP Linh Đàm, Store JP Văn Phú, Store JP Nguyễn Tuân, Store JP Đỗ Quang, Store JP Ngoại Giao Đoàn, SKK Trần Duy Hưng, Store JP T6 Time City, Store JP Ecohome 3, SKK Vinhome Green Bay, SKK Bắc Ninh, CVS 34 Vũ Phạm Hàm
A9: CT003 | B9: THỜI TRANG | C9: 143021 | D9: NISHIMATSUYA- Quần đùi cho trẻ em gái | E9: Thời trang Nishimatsuya mùa hè xả hàng cuối vụ đồng giá chỉ còn 19K | F9: 10 | G9: 270 | H9: 11 | I9: =MIN(ROUNDUP(G9/MAX(1,24-H9),0),ROUNDDOWN(F9/H9,0)) -> 0 | J9: CVS 108-110 Linh Lang, Store JP Thái Hà, Store JP Văn Phú, Store JP Nguyễn Tuân, Store JP Ngoại Giao Đoàn, SKK Trần Duy Hưng, SKK Vinhome Green Bay, SKK Xuân La, SKK Nguyễn Khuyến, SKK Bạch Mai, CVS 34 Vũ Phạm Hàm
A10: CT003 | B10: THỜI TRANG | C10: 143018 | D10: NISHIMATSUYA- Váy liền cho trẻ em gái | E10: Thời trang Nishimatsuya mùa hè xả hàng cuối vụ đồng giá chỉ còn 19K | F10: 1803 | G10: 517 | H10: 10 | I10: =MIN(ROUNDUP(G10/MAX(1,24-H10),0),ROUNDDOWN(F10/H10,0)) -> 37 | J10: CVS 108-110 Linh Lang, Store JP Mandarin C1, Store JP Nguyễn Tuân, Store JP Ngoại Giao Đoàn, SKK Trần Duy Hưng, SKK Vinhome Green Bay, SKK Xuân La, SKK Nguyễn Khuyến, SKK Bạch Mai, CVS 34 Vũ Phạm Hàm
A11: CT001 | B11: THỜI TRANG | C11: 142031 | D11: NISHIMATSUYA- Áo Len Áo Nỉ Nhật Bản | E11: Thời trang Nishimatsuya mùa đông giảm ngay 20% | F11: 4899 | G11: 2975 | H11: 9 | I11: =MIN(ROUNDUP(G11/MAX(1,24-H11),0),ROUNDDOWN(F11/H11,0)) -> 199 | J11: CVS 108-110 Linh Lang, Store JP Thái Hà, Store JP Nguyễn Du, Store JP Ngoại Giao Đoàn, SKK Trần Duy Hưng, Store JP Ecohome 3, SKK Vinhome Green Bay, SKK Xuân La, CVS 34 Vũ Phạm Hàm
A12: CT024 | B12: CHĂM SÓC HÀNG NGÀY | C12: 30115 | D12: ELIS- BVS dạng quần size M-L màu đen (2c) | E12: Mua băng vệ sinh ELLEAIR hằng ngày, ban đêm tặng ngay 1 băng vệ sinh quần (30116, 30115) trị giá 50K | F12: 83 | G12: 178 | H12: 9 | I12: =MIN(ROUNDUP(G12/MAX(1,24-H12),0),ROUNDDOWN(F12/H12,0)) -> 9 | J12: Store JP Nguyễn Du, Store JP Hàng Bông, Store JP Nguyễn Tuân, Store JP Ngoại Giao Đoàn, Store JP Nguyễn Văn Lộc, SKK Vinhome Green Bay, SKK Xuân La, SKK Sài Đồng, SKK Bắc Ninh
A13: CT001 | B13: THỜI TRANG | C13: 142036 | D13: NISHIMATSUYA- Bộ Đồ Body Liền Thân Trẻ em Nhật Bản | E13: Thời trang Nishimatsuya mùa đông giảm ngay 20% | F13: 320 | G13: 897 | H13: 8 | I13: =MIN(ROUNDUP(G13/MAX(1,24-H13),0),ROUNDDOWN(F13/H13,0)) -> 40 | J13: CVS 108-110 Linh Lang, Store JP Linh Đàm, Store JP Trần Đăng Ninh, SKK Trần Duy Hưng, Store JP Ecohome 3, SKK Vinhome Green Bay, SKK Xuân La, CVS 34 Vũ Phạm Hàm
A14: CT028 | B14: CHĂM SÓC HÀNG NGÀY | C14: 110389 | D14: KAO- BVS Laurier hàng ngày không mùi (72 m) | E14: Băng vệ sinh hằng ngày Laurier 72 miếng giá chỉ còn 79k | F14: 120 | G14: 90 | H14: 7 | I14: =MIN(ROUNDUP(G14/MAX(1,24-H14),0),ROUNDDOWN(F14/H14,0)) -> 6 | J14: Store JP Đội Cấn, Store JP Thái Hà, Store JP Trần Đăng Ninh, Store JP Hàm Nghi, Store JP Nguyễn Tuân, Store JP Ngoại Giao Đoàn, CVS 34 Vũ Phạm Hàm
A15: CT004 | B15: NHÀ CỬA ĐỜI SỐNG | C15: 134230 | D15: KAO- Nước rửa bát Kyukyuto không mùi 1250ml | E15: Nước rửa bát 1250ml giá 188k->159K | F15: 12 | G15: 169 | H15: 7 | I15: =MIN(ROUNDUP(G15/MAX(1,24-H15),0),ROUNDDOWN(F15/H15,0)) -> 1 | J15: Store JP Mandarin C1, Store JP Thái Hà, Store JP Nguyễn Du, Store JP Hàng Bông, Store JP Văn Phú, Store JP T6 Time City, Store JP Ecohome 3
... A135: CT038 | B135: CHĂM SÓC SẮC ĐẸP | C135: 101828 | D135: KUMANO-Dầu gội Pharmaact Men's siêu mát 600ml | E135: Mua tắm gội Pharmaact Men's được tặng ngay 1 SRM nam trị giá 90K (230792) | F135: 3 | G135: 256 | H135: 1 | I135: =MIN(ROUNDUP(G135/MAX(1,24-H135),0),ROUNDDOWN(F135/H135,0)) -> 3 | J135: CVS 34 Vũ Phạm Hàm
A137: Gợi ý cấp/CH thiếu = min(tồn TB của các CH đang có hàng, Kho LTT chia đều cho CH thiếu). Là con số khởi điểm – ngành hàng chỉnh theo sell-out thực tế.

Sheet Ma trận phủ CH
A1: MA TRẬN TỒN SKU KM CHỦ LỰC × CỬA HÀNG (ô đỏ = 0/âm). SKU chủ lực = tồn HT ≥50, trừ giày & KAI/KAIYO.
A3: Mã CT | B3: Ngành hàng | C3: Item | D3: Tên SP | E3: Kho LTT | F3: CVS 108-110 Linh Lang | G3: Store JP Đội Cấn | H3: Store JP Linh Đàm | I3: Store JP Mandarin C1 | J3: Store JP Thái Hà | K3: Store JP Trần Đăng Ninh | L3: Store JP Nguyễn Du | M3: Store JP Hàng Bông | N3: Store JP Văn Phú | O3: Store JP Hàm Nghi | P3: Store JP Nguyễn Tuân | Q3: Store JP Đỗ Quang | R3: Store JP Ngoại Giao Đoàn | S3: SKK Trần Duy Hưng | T3: Store JP Nguyễn Văn Lộc | U3: Store JP T6 Time City | V3: Store JP Ecohome 3 | W3: SKK Vinhome Green Bay | X3: SKK Xuân La | Y3: SKK Nguyễn Khuyến | Z3: SKK Sài Đồng | AA3: SKK Bạch Mai | AB3: SKK Vũ Phạm Hàm | AC3: SKK Bắc Ninh | AD3: CVS 34 Vũ Phạm Hàm | AE3: Số CH = 0
A4: CT005 | B4: BÁNH NGỌT - TRÁNG MIỆNG | C4: 151049 | D4: FUTABA- Kem vani sandwich | E4: 0 | F4: 32 | G4: 32 | H4: 49 | I4: 1 | J4: 0 | K4: 69 | L4: 18 | M4: 36 | N4: 0 | O4: 3 | P4: 18 | Q4: 4 | R4: 6 | S4: 37 | T4: 8 | U4: 79 | V4: 17 | W4: 0 | X4: 6 | Y4: 0 | Z4: 14 | AA4: 0 | AB4: 0 | AC4: 0 | AD4: 40 | AE4: =COUNTIF(F4:AD4,"<=0") -> 7
A5: CT005 | B5: BÁNH NGỌT - TRÁNG MIỆNG | C5: 151051 | D5: LOTTE- Kem vani Daifuku | E5: 0 | F5: 22 | G5: 67 | H5: 50 | I5: 27 | J5: 22 | K5: 20 | L5: 20 | M5: 28 | N5: 37 | O5: 36 | P5: 2 | Q5: 15 | R5: 43 | S5: 11 | T5: 21 | U5: 74 | V5: 6 | W5: 0 | X5: 14 | Y5: 0 | Z5: 9 | AA5: 16 | AB5: 0 | AC5: 0 | AD5: 9 | AE5: =COUNTIF(F5:AD5,"<=0") -> 4
A6: CT005 | B6: BÁNH NGỌT - TRÁNG MIỆNG | C6: 151565 | D6: FUTABA- Kem Sandwich Hokkaido | E6: 0 | F6: 12 | G6: 37 | H6: 39 | I6: 21 | J6: 5 | K6: 2 | L6: 34 | M6: 13 | N6: 16 | O6: 23 | P6: 16 | Q6: 6 | R6: 47 | S6: 18 | T6: 7 | U6: 46 | V6: 8 | W6: 0 | X6: 47 | Y6: 0 | Z6: 8 | AA6: 13 | AB6: 0 | AC6: 0 | AD6: 18 | AE6: =COUNTIF(F6:AD6,"<=0") -> 4
A7: CT005 | B7: BÁNH NGỌT - TRÁNG MIỆNG | C7: 151724 | D7: MORINAGA- Kem Chocolate Ice | E7: 0 | F7: 18 | G7: 14 | H7: 39 | I7: 13 | J7: 17 | K7: 30 | L7: 0 | M7: 47 | N7: 24 | O7: 4 | P7: 11 | Q7: 0 | R7: 39 | S7: 0 | T7: 26 | U7: 50 | V7: 13 | W7: 0 | X7: 0 | Y7: 0 | Z7: 10 | AA7: 11 | AB7: 0 | AC7: 0 | AD7: 31 | AE7: =COUNTIF(F7:AD7,"<=0") -> 8
A8: CT005 | B8: BÁNH NGỌT - TRÁNG MIỆNG | C8: 174761 | D8: FUTABA - Kem Tiramisu bọc sô cô la 115ml | E8: 0 | F8: 0 | G8: 8 | H8: 6 | I8: 2 | J8: 0 | K8: 0 | L8: 0 | M8: 6 | N8: 0 | O8: 0 | P8: 0 | Q8: 23 | R8: 0 | S8: 0 | T8: 0 | U8: 13 | V8: 5 | W8: 0 | X8: 0 | Y8: 0 | Z8: 0 | AA8: 14 | AB8: 0 | AC8: 0 | AD8: 0 | AE8: =COUNTIF(F8:AD8,"<=0") -> 17
A9: CT005 | B9: BÁNH NGỌT - TRÁNG MIỆNG | C9: 174763 | D9: NAGANUMA - Kem ly vị sữa tươi 100ml | E9: 0 | F9: 23 | G9: 0 | H9: 18 | I9: 9 | J9: 0 | K9: 0 | L9: 0 | M9: 0 | N9: 0 | O9: 24 | P9: 23 | Q9: 0 | R9: 11 | S9: 0 | T9: 14 | U9: 27 | V9: 0 | W9: 0 | X9: 0 | Y9: 0 | Z9: 6 | AA9: 0 | AB9: 0 | AC9: 0 | AD9: 23 | AE9: =COUNTIF(F9:AD9,"<=0") -> 15
A10: CT005 | B10: BÁNH NGỌT - TRÁNG MIỆNG | C10: 174764 | D10: NAGANUMA - Kem ly vị Phô mai 100ml | E10: 0 | F10: 23 | G10: 22 | H10: 40 | I10: 3 | J10: 3 | K10: 42 | L10: 0 | M10: 20 | N10: 0 | O10: 45 | P10: 24 | Q10: 24 | R10: 3 | S10: 0 | T10: 21 | U10: 25 | V10: 65 | W10: 0 | X10: 0 | Y10: 0 | Z10: 6 | AA10: 23 | AB10: 0 | AC10: 0 | AD10: 25 | AE10: =COUNTIF(F10:AD10,"<=0") -> 8
A11: CT005 | B11: BÁNH NGỌT - TRÁNG MIỆNG | C11: 174765 | D11: NAGANUMA - Kem ly vị Sô cô la 100ml | E11: 0 | F11: 21 | G11: 18 | H11: 34 | I11: 20 | J11: 2 | K11: 22 | L11: 0 | M11: 7 | N11: 0 | O11: 18 | P11: 25 | Q11: 12 | R11: 6 | S11: 0 | T11: 7 | U11: 21 | V11: 0 | W11: 0 | X11: 0 | Y11: 0 | Z11: 2 | AA11: 21 | AB11: 0 | AC11: 0 | AD11: 4 | AE11: =COUNTIF(F11:AD11,"<=0") -> 9
A12: CT005 | B12: BÁNH NGỌT - TRÁNG MIỆNG | C12: 174766 | D12: NAGANUMA - Kem ly vị Trà xanh 100ml | E12: 0 | F12: 21 | G12: 19 | H12: 11 | I12: -2 | J12: 2 | K12: 19 | L12: 7 | M12: 14 | N12: 0 | O12: 26 | P12: 2 | Q12: 0 | R12: 13 | S12: 0 | T12: 19 | U12: 41 | V12: 14 | W12: 0 | X12: 0 | Y12: 0 | Z12: 0 | AA12: 23 | AB12: 0 | AC12: 0 | AD12: 2 | AE12: =COUNTIF(F12:AD12,"<=0") -> 10
A13: CT005 | B13: BÁNH NGỌT - TRÁNG MIỆNG | C13: 152392 | D13: FUTABA- Kem socola Dandy 160ml | E13: 0 | F13: 10 | G13: 19 | H13: 2 | I13: 21 | J13: 14 | K13: 0 | L13: 44 | M13: 13 | N13: 0 | O13: 19 | P13: 10 | Q13: 0 | R13: 13 | S13: 0 | T13: 10 | U13: 4 | V13: 13 | W13: 0 | X13: 0 | Y13: 0 | Z13: 25 | AA13: 21 | AB13: 0 | AC13: 0 | AD13: 18 | AE13: =COUNTIF(F13:AD13,"<=0") -> 9
A14: CT005 | B14: BÁNH NGỌT - TRÁNG MIỆNG | C14: 152557 | D14: FUTABA- Kem cà phê latte Kaoru 60mlx5c | E14: 0 | F14: 5 | G14: 15 | H14: 0 | I14: 8 | J14: 7 | K14: 9 | L14: 13 | M14: 13 | N14: 0 | O14: 16 | P14: 0 | Q14: 0 | R14: 0 | S14: 0 | T14: 5 | U14: 13 | V14: 1 | W14: 0 | X14: 8 | Y14: 0 | Z14: 8 | AA14: 12 | AB14: 0 | AC14: 0 | AD14: 8 | AE14: =COUNTIF(F14:AD14,"<=0") -> 10
A15: CT005 | B15: BÁNH NGỌT - TRÁNG MIỆNG | C15: 152872 | D15: MORINAGA- Kem pari pari choco (Hộp 8 chiếc) | E15: 0 | F15: 6 | G15: 14 | H15: 0 | I15: 2 | J15: 4 | K15: 0 | L15: 25 | M15: 9 | N15: 10 | O15: 11 | P15: 1 | Q15: 0 | R15: 34 | S15: 3 | T15: 7 | U15: 17 | V15: 5 | W15: 0 | X15: 19 | Y15: 0 | Z15: 1 | AA15: 10 | AB15: 0 | AC15: 0 | AD15: 0 | AE15: =COUNTIF(F15:AD15,"<=0") -> 8
... A409: CT082 | B409: ĐỒ UỐNG | C409: 152336 | D409: AGF- Cà phê hòa tan Blendy Stick vị sữa 8 thanh | E409: 0 | F409: 0 | G409: 0 | H409: 0 | I409: 0 | J409: 0 | K409: 0 | L409: 0 | M409: -8 | N409: 0 | O409: 12 | P409: 7 | Q409: 0 | R409: 0 | S409: 1 | T409: 0 | U409: 3 | V409: 0 | W409: 5 | X409: 0 | Y409: 0 | Z409: 27 | AA409: 0 | AB409: 0 | AC409: 0 | AD409: 0 | AE409: =COUNTIF(F409:AD409,"<=0") -> 19
D410: Số SKU chủ lực = 0 tại CH | F410: =COUNTIF(F4:F409,"<=0") -> 227 | G410: =COUNTIF(G4:G409,"<=0") -> 41 | H410: =COUNTIF(H4:H409,"<=0") -> 53 | I410: =COUNTIF(I4:I409,"<=0") -> 47 | J410: =COUNTIF(J4:J409,"<=0") -> 56 | K410: =COUNTIF(K4:K409,"<=0") -> 44 | L410: =COUNTIF(L4:L409,"<=0") -> 64 | M410: =COUNTIF(M4:M409,"<=0") -> 57 | ... AD410: =COUNTIF(AD4:AD409,"<=0") -> 309
D411: % phủ SKU chủ lực | F411: =1-F410/406 -> 0.4408867 | G411: =1-G410/406 -> 0.89901478 | H411: =1-H410/406 -> 0.86945813 | I411: =1-I410/406 -> 0.88423645 | J411: =1-J410/406 -> 0.86206897 | K411: =1-K410/406 -> 0.89162562 | L411: =1-L410/406 -> 0.84236453 | M411: =1-M410/406 -> 0.85960591 | ... AD411: =1-AD410/406 -> 0.23891626

Sheet SKU KM hết hàng
A1: Mã CT | B1: Ngành hàng | C1: Item | D1: Tên SP | E1: Trạng thái KD | F1: Nội dung CTKM | G1: Có trong file tồn?
A2: CT005 | B2: BÁNH NGỌT - TRÁNG MIỆNG | C2: 154140 | D2: FUTABA- Kem ly Sacre vị chanh | E2: NGỪNG NHẬP | F2: Kem đồng giảm 8% | G2: Không
A3: CT090 | B3: BỈM | C3: 173649 | D3: MERRIES- Bỉm quần XXL 26 miếng | E3: NGỪNG SẢN XUẤT - RENEW | F3: Bỉm merries bao bì cũ xả hàng giá 199K | G3: Không
A4: CT090 | B4: BỈM | C4: 173650 | D4: MERRIES- Bỉm dán M 64 miếng | E4: NGỪNG SẢN XUẤT - RENEW | F4: Bỉm merries bao bì cũ xả hàng giá 199K | G4: Không
A5: CT090 | B5: BỈM | C5: 173651 | D5: MERRIES- Bỉm quần M 58 miếng | E5: NGỪNG SẢN XUẤT - RENEW | F5: Bỉm merries bao bì cũ xả hàng giá 199K | G5: Không
A6: CT090 | B6: BỈM | C6: 173688 | D6: MERRIES- Bỉm dán SS 90 miếng | E6: NGỪNG SẢN XUẤT - RENEW | F6: Bỉm merries bao bì cũ xả hàng giá 199K | G6: Không
A7: CT090 | B7: BỈM | C7: 173689 | D7: MERRIES- Bỉm dán S 82 miếng | E7: NGỪNG SẢN XUẤT - RENEW | F7: Bỉm merries bao bì cũ xả hàng giá 199K | G7: Không
A8: CT090 | B8: BỈM | C8: 220024 | D8: MERRIES- Bỉm quần XL 38 + 6 miếng | E8: NGỪNG SẢN XUẤT - RENEW | F8: Bỉm merries bao bì cũ xả hàng giá 199K | G8: Không
A9: CT090 | B9: BỈM | C9: 220047 | D9: MERRIES- BỈM QUẦN XL 38+6 MIẾNG | E9: NGỪNG SẢN XUẤT - RENEW | F9: Bỉm merries bao bì cũ xả hàng giá 199K | G9: Không
A10: CT090 | B10: BỈM | C10: 220006 | D10: MERRIES- Bỉm quần XL 38 + 6 miếng | E10: NGỪNG SẢN XUẤT - RENEW | F10: Bỉm merries bao bì cũ xả hàng giá 199K | G10: Không
A11: CT090 | B11: BỈM | C11: 220007 | D11: MERRIES- Bỉm quần XXL 26+2 miếng | E11: NGỪNG SẢN XUẤT - RENEW | F11: Bỉm merries bao bì cũ xả hàng giá 199K | G11: Không
A12: CT090 | B12: BỈM | C12: 220008 | D12: MERRIES- Bỉm dán M 64+4 miếng | E12: NGỪNG SẢN XUẤT - RENEW | F12: Bỉm merries bao bì cũ xả hàng giá 199K | G12: Không
A13: CT090 | B13: BỈM | C13: 220015 | D13: MERRIES- Bỉm dán SS 90+6 miếng | E13: NGỪNG SẢN XUẤT - RENEW | F13: Bỉm merries bao bì cũ xả hàng giá 199K | G13: Không
... A188: CT063 | B188: THỜI TRANG | C188: 143296 | D188: PARTIRD'ABORD-Dép đế xuồng quai lưới M-Gỗ sồi | E188: HÀNG NEW | F188: Giảm ngay 250K khi mua giày cao cấp Nhật Bản | G188: Không

Sheet Rủi ro biên FC
A1: SKU có lợi nhuận FC âm khi bán giá KM (Giá KM < Giá FC chốt). Phạm vi "Toàn hệ thống" = áp cho cả nhượng quyền → CH FC bán là lỗ.
A3: Phạm vi | B3: Ngành hàng | C3: Item | D3: Tên SP | E3: Nội dung CTKM | F3: Giá BL | G3: Giá FC chốt | H3: Giá KM | I3: LN FC/sp | J3: %LN FC | K3: Kho FC
A4: Toàn hệ thống | B4: ĐỒ UỐNG | C4: 154470 | D4: SATOEN- Hộp trà Sencha Genmai 50g (20 túi x 2.5g) | E4: Trà AGF, Satoen giá chỉ còn 39k (Xả tồn) | F4: 155000 | G4: 95000 | H4: 39000 | I4: =H4-G4 -> -56000 | J4: =IFERROR(I4/H4,0) -> -1.4358974 | K4: 0
A5: Toàn hệ thống | B5: ĐỒ UỐNG | C5: 154466 | D5: SATOEN- Hộp trà Sencha Special 80g | E5: Trà AGF, Satoen giá chỉ còn 39k (Xả tồn) | F5: 115000 | G5: 74000 | H5: 39000 | I5: =H5-G5 -> -35000 | J5: =IFERROR(I5/H5,0) -> -0.8974359 | K5: 0
A6: Toàn hệ thống | B6: CHĂM SÓC SẮC ĐẸP | C6: 101962 | D6: LSC-Lotion trà xanh 500ml | E6: Tẩy trang, Lotion LSC đồng giá 99K | F6: 285000 | G6: 185000 | H6: 100000 | I6: =H6-G6 -> -85000 | J6: =IFERROR(I6/H6,0) -> -0.85 | K6: 0
A7: Toàn hệ thống | B7: ĐỒ UỐNG | C7: 154463 | D7: SATOEN- Hộp trà Sencha Special 40g (20 túi x 2g) | E7: Trà AGF, Satoen giá chỉ còn 39k (Xả tồn) | F7: 115000 | G7: 70000 | H7: 39000 | I7: =H7-G7 -> -31000 | J7: =IFERROR(I7/H7,0) -> -0.79487179 | K7: 0
A8: Toàn hệ thống | B8: CHĂM SÓC SẮC ĐẸP | C8: 101963 | D8: LSC- Tẩy trang trà xanh 250g | E8: Tẩy trang, Lotion LSC đồng giá 99K | F8: 325000 | G8: 176300 | H8: 100000 | I8: =H8-G8 -> -76300 | J8: =IFERROR(I8/H8,0) -> -0.763 | K8: 0
A9: Toàn hệ thống | B9: ĐỒ UỐNG | C9: 153713 | D9: AGF- Cà phê hòa tan Caramel Macchiato 7 gói | E9: Trà AGF, Satoen giá chỉ còn 39k (Xả tồn) | F9: 115000 | G9: 68000 | H9: 39000 | I9: =H9-G9 -> -29000 | J9: =IFERROR(I9/H9,0) -> -0.74358974 | K9: 0
A10: Toàn hệ thống | B10: NHÀ CỬA ĐỜI SỐNG | C10: 231199 | D10: KAIYO-Bình nước thể thao màu đen 680ml | E10: Gia dụng KAIYO đồng giảm 10% | F10: 250000 | G10: 275500 | H10: 225000 | I10: =H10-G10 -> -50500 | J10: =IFERROR(I10/H10,0) -> -0.22444444 | K10: 0
A11: Toàn hệ thống | B11: CHĂM SÓC SẮC ĐẸP | C11: 101868 | D11: JANAMI- Kem chống nắng phổ rộng BIHAKU SPF50+ 35ml | E11: KCN giảm 35% | F11: 695000 | G11: 530000 | H11: 452000 | I11: =H11-G11 -> -78000 | J11: =IFERROR(I11/H11,0) -> -0.17256637 | K11: 0
A12: Toàn hệ thống | B12: CHĂM SÓC SỨC KHỎE | C12: 110762 | D12: JANAMI- Viên uống chống nắng & giảm sạm nám 30 viê | E12: Viên uống chống nắng giảm giá 35% | F12: 1390000 | G12: 999000 | H12: 904000 | I12: =H12-G12 -> -95000 | J12: =IFERROR(I12/H12,0) -> -0.1050885 | K12: 0
A13: HN | B13: BỈM | C13: 220067 | D13: MEGUMI- Bỉm dán NB 64 miếng | E13: Bỉm Megumi xả tồn giá chỉ còn 99K | F13: 260000 | G13: 999999999 | H13: 100000 | I13: =H13-G13 -> -999899999 | J13: =IFERROR(I13/H13,0) -> -9999 | K13: 0
A14: HN | B14: BỈM | C14: 220068 | D14: MEGUMI- Bỉm dán S 58 miếng | E14: Bỉm Megumi xả tồn giá chỉ còn 99K | F14: 260000 | G14: 999999999 | H14: 100000 | I14: =H14-G14 -> -999899999 | J14: =IFERROR(I14/H14,0) -> -9999 | K14: 0
A15: HN | B15: BỈM | C15: 220069 | D15: MEGUMI- Bỉm dán M 46 miếng | E15: Bỉm Megumi xả tồn giá chỉ còn 99K | F15: 260000 | G15: 999999999 | H15: 100000 | I15: =H15-G15 -> -999899999 | J15: =IFERROR(I15/H15,0) -> -9999 | K15: 0
... A123: HN | B123: ĐỒ CHO MẸ BÉ | C123: 174136 | D123: NISHIMATSUYA- Giá úp bình sữa Smart Angel- Xanh lá | E123: Thời trang Nishimatsuya mùa đông giảm ngay 20% | F123: 185000 | G123: 150000 | H123: 148000 | I123: =H123-G123 -> -2000 | J123: =IFERROR(I123/H123,0) -> -0.013513514 | K123: 0

Sheet Lỗi dữ liệu tồn
A1: Tồn âm tại điểm bán/kho (cần kiểm kê/điều chỉnh phiếu – tồn âm làm sai báo cáo phủ hàng)
A3: Item | B3: Tên SP | C3: Điểm/kho | D3: SL âm
A4: 134314 | B4: SKK - Chảo chống dính cao cấp size 26cm | C4: Store JP Trần Đăng Ninh | D4: -2
A5: 134273 | B5: SKK - Nồi nấu đa năng size 30cm | C5: Store JP Trần Đăng Ninh | D5: -5
A6: 101949 | B6: HADAOMOI- Gel dưỡng ẩm tế bào gốc Suhada 290g | C6: Store JP Nguyễn Văn Lộc | D6: -1
A7: 134272 | B7: SKK - Nồi nấu đa năng size 28cm | C7: Store JP Hàng Bông | D7: -3
A8: 135086 | B8: KAIYO- Ga lạnh họa tiết hoa nền xanh 1m6 x 2m | C8: Store JP Mandarin C1 | D8: -1
A9: 231198 | B9: KAIYO-Dụng cụ xay tỏi ớt size S 250ml | C9: Store JP Mandarin C1 | D9: -1
A10: 143006 | B10: NISHIMATSUYA- Set bộ quần áo cho bé gái | C10: Store JP Mandarin C1 | D10: -1
A11: 142446 | B11: NISHIMATSUYA- Áo mùa hè trẻ em Nhật Bản | C11: Store JP Trần Đăng Ninh | D11: -1
A12: 142446 | B12: NISHIMATSUYA- Áo mùa hè trẻ em Nhật Bản | C12: Store JP Hàm Nghi | D12: -1
A13: 134271 | B13: SKK - Nồi nấu đa năng size 24cm | C13: Store JP Nguyễn Du | D13: -1
A14: 135033 | B14: KAIYO- Bình giữ nhiệt 2lớp inox 304 700ml kem nâu | C14: Store JP Ecohome 3 | D14: -2
A15: 135032 | B15: KAIYO- Bình giữ nhiệt 2lớp inox 304 700ml đỏ trắng | C15: Store JP Ecohome 3 | D15: -1
... A67: 143018 | B67: NISHIMATSUYA- Váy liền cho trẻ em gái | C67: Store JP Mandarin C1 | D67: -1
A69: Ghi chú: SKK Vũ Phạm Hàm (S1038) và SKK Japan Festa (S1017) tồn = 0 toàn bộ SKU KM – xác nhận CH đang đóng/chưa mở hay lỗi đồng bộ kho.

Sheet Chi tiết SKU
A1: Mã CT | B1: Ngành hàng | C1: Nhóm | D1: Item | E1: Tên SP | F1: Trạng thái KD | G1: Phạm vi | H1: Hình thức KM | I1: Nội dung CTKM | J1: Giá BL | K1: Giá KM | L1: % giảm | M1: Tồn CH | N1: Kho LTT | O1: Kho FC | P1: Kho khác | Q1: Online | R1: Tồn HT | S1: Số CH có hàng | T1: GT tồn giá KM | U1: Tồn TB/CH có hàng | V1: %LN FC
A2: CT001 | B2: THỜI TRANG | C2: NSM MÙA ĐÔNG | D2: 142031 | E2: NISHIMATSUYA- Áo Len Áo Nỉ Nhật Bản | F2: HMV-ĐÔNG | G2: HN | H2: Discount | I2: Thời trang Nishimatsuya mùa đông giảm ngay 20% | J2: 150000 | K2: 120000 | L2: 0.2 | M2: 2975 | N2: 4899 | O2: 0 | P2: 0 | Q2: 0 | R2: =M2+N2+O2+P2+Q2 -> 7874 | S2: 15 | T2: =R2*K2 -> 944880000 | U2: =IFERROR(M2/S2,0) -> 198.33333 | V2: 0.4583
A3: CT001 | B3: THỜI TRANG | C3: NSM MÙA ĐÔNG | D3: 142447 | E3: NISHIMATSUYA- Áo Len Áo Nỉ Nhật Bản | F3: HMV-ĐÔNG | G3: HN | H3: Discount | I3: Thời trang Nishimatsuya mùa đông giảm ngay 20% | J3: 150000 | K3: 120000 | L3: 0.2 | M3: 1987 | N3: 5329 | O3: 0 | P3: 0 | Q3: 0 | R3: =M3+N3+O3+P3+Q3 -> 7316 | S3: 10 | T3: =R3*K3 -> 877920000 | U3: =IFERROR(M3/S3,0) -> 198.7 | V3: 0.125
A4: CT001 | B4: THỜI TRANG | C4: NSM MÙA ĐÔNG | D4: 142033 | E4: NISHIMATSUYA- Váy và Chân Váy Trẻ em Nhật Bản | F4: HMV-ĐÔNG | G4: HN | H4: Discount | I4: Thời trang Nishimatsuya mùa đông giảm ngay 20% | J4: 125000 | K4: 100000 | L4: 0.2 | M4: 5002 | N4: 697 | O4: 0 | P4: 0 | Q4: 0 | R4: =M4+N4+O4+P4+Q4 -> 5699 | S4: 20 | T4: =R4*K4 -> 569900000 | U4: =IFERROR(M4/S4,0) -> 250.1 | V4: 0.4
A5: CT001 | B5: THỜI TRANG | C5: NSM MÙA ĐÔNG | D5: 142278 | E5: NISHIMATSUYA- Quần thu đông trẻ em | F5: HMV-ĐÔNG | G5: HN | H5: Discount | I5: Thời trang Nishimatsuya mùa đông giảm ngay 20% | J5: 105000 | K5: 84000 | L5: 0.2 | M5: 1039 | N5: 377 | O5: 0 | P5: 0 | Q5: 0 | R5: =M5+N5+O5+P5+Q5 -> 1416 | S5: 19 | T5: =R5*K5 -> 118944000 | U5: =IFERROR(M5/S5,0) -> 54.684211 | V5: 0.4286
A6: CT001 | B6: THỜI TRANG | C6: NSM MÙA ĐÔNG | D6: 142032 | E6: NISHIMATSUYA- Quần Len Nỉ Nhật Bản | F6: HMV-ĐÔNG | G6: HN | H6: Discount | I6: Thời trang Nishimatsuya mùa đông giảm ngay 20% | J6: 105000 | K6: 84000 | L6: 0.2 | M6: 1359 | N6: 0 | O6: 0 | P6: 0 | Q6: 0 | R6: =M6+N6+O6+P6+Q6 -> 1359 | S6: 5 | T6: =R6*K6 -> 114156000 | U6: =IFERROR(M6/S6,0) -> 271.8 | V6: 0.4048
A7: CT001 | B7: THỜI TRANG | C7: NSM MÙA ĐÔNG | D7: 142036 | E7: NISHIMATSUYA- Bộ Đồ Body Liền Thân Trẻ em Nhật Bản | F7: HMV-ĐÔNG | G7: HN | H7: Discount | I7: Thời trang Nishimatsuya mùa đông giảm ngay 20% | J7: 200000 | K7: 160000 | L7: 0.2 | M7: 897 | N7: 320 | O7: 0 | P7: 0 | Q7: 0 | R7: =M7+N7+O7+P7+Q7 -> 1217 | S7: 16 | T7: =R7*K7 -> 194720000 | U7: =IFERROR(M7/S7,0) -> 56.0625 | V7: 0.5938
A8: CT001 | B8: THỜI TRANG | C8: NSM MÙA ĐÔNG | D8: 142035 | E8: NISHIMATSUYA- Bộ Quần Áo Trẻ em Nhật Bản (Set rời) | F8: HMV-ĐÔNG | G8: HN | H8: Discount | I8: Thời trang Nishimatsuya mùa đông giảm ngay 20% | J8: 200000 | K8: 160000 | L8: 0.2 | M8: 453 | N8: 232 | O8: 0 | P8: 0 | Q8: 0 | R8: =M8+N8+O8+P8+Q8 -> 685 | S8: 12 | T8: =R8*K8 -> 109600000 | U8: =IFERROR(M8/S8,0) -> 37.75 | V8: 0.4688
A9: CT001 | B9: THỜI TRANG | C9: NSM MÙA ĐÔNG | D9: 142041 | E9: NISHIMATSUYA- Phụ kiện Giữ ấm Mùa đông Nhật Bản | F9: HMV-ĐÔNG | G9: HN | H9: Discount | I9: Thời trang Nishimatsuya mùa đông giảm ngay 20% | J9: 85000 | K9: 68000 | L9: 0.2 | M9: 652 | N9: 0 | O9: 0 | P9: 0 | Q9: 0 | R9: =M9+N9+O9+P9+Q9 -> 652 | S9: 19 | T9: =R9*K9 -> 44336000 | U9: =IFERROR(M9/S9,0) -> 34.315789 | V9: 0.4118
A10: CT001 | B10: THỜI TRANG | C10: NSM MÙA ĐÔNG | D10: 142037 | E10: NISHIMATSUYA- Tất và Quần tất Trẻ em Nhật Bản | F10: HMV-ĐÔNG | G10: HN | H10: Discount | I10: Thời trang Nishimatsuya mùa đông giảm ngay 20% | J10: 85000 | K10: 68000 | L10: 0.2 | M10: 530 | N10: 0 | O10: 0 | P10: 0 | Q10: 0 | R10: =M10+N10+O10+P10+Q10 -> 530 | S10: 7 | T10: =R10*K10 -> 36040000 | U10: =IFERROR(M10/S10,0) -> 75.714286 | V10: 0.2647
A11: CT001 | B11: THỜI TRANG | C11: NSM MÙA ĐÔNG | D11: 142030 | E11: NISHIMATSUYA- Áo Khoác Trẻ em Nhật Bản | F11: HMV-ĐÔNG | G11: HN | H11: Discount | I11: Thời trang Nishimatsuya mùa đông giảm ngay 20% | J11: 380000 | K11: 304000 | L11: 0.2 | M11: 86 | N11: 337 | O11: 0 | P11: 0 | Q11: 0 | R11: =M11+N11+O11+P11+Q11 -> 423 | S11: 7 | T11: =R11*K11 -> 128592000 | U11: =IFERROR(M11/S11,0) -> 12.285714 | V11: 0.4441
A12: CT001 | B12: THỜI TRANG | C12: NSM MÙA ĐÔNG | D12: 142448 | E12: NISHIMATSUYA- Quần Len Nỉ Nhật Bản new | F12: HMV-ĐÔNG | G12: HN | H12: Discount | I12: Thời trang Nishimatsuya mùa đông giảm ngay 20% | J12: 129000 | K12: 104000 | L12: 0.2 | M12: 263 | N12: 0 | O12: 0 | P12: 0 | Q12: 0 | R12: =M12+N12+O12+P12+Q12 -> 263 | S12: 3 | T12: =R12*K12 -> 27352000 | U12: =IFERROR(M12/S12,0) -> 87.666667 | V12: 0.1827
A13: CT001 | B13: THỜI TRANG | C13: NSM MÙA ĐÔNG | D13: 142276 | E13: NISHIMATSUYA- Bộ đồ Body thu đông trẻ em | F13: HMV-ĐÔNG | G13: HN | H13: Discount | I13: Thời trang Nishimatsuya mùa đông giảm ngay 20% | J13: 200000 | K13: 160000 | L13: 0.2 | M13: 101 | N13: 0 | O13: 0 | P13: 0 | Q13: 0 | R13: =M13+N13+O13+P13+Q13 -> 101 | S13: 1 | T13: =R13*K13 -> 16160000 | U13: =IFERROR(M13/S13,0) -> 101 | V13: 0.5312
... A198: CT005 | B198: BÁNH NGỌT - TRÁNG MIỆNG | C198: KEM ĐÔNG LẠNH | D198: 154140 | E198: FUTABA- Kem ly Sacre vị chanh | F198: NGỪNG NHẬP | G198: Toàn hệ thống | H198: Discount | I198: Kem đồng giảm 8% | J198: 45000 | K198: 42000 | L198: 0.08 | M198: 0 | N198: 0 | O198: 0 | P198: 0 | Q198: 0 | R198: =M198+N198+O198+P198+Q198 -> 0 | S198: 0 | T198: =R198*K198 -> 0 | U198: =IFERROR(M198/S198,0) -> 0 | V198: 0.0952
A199: CT006 | B199: BỈM | C199: ANYZOO | D199: 220059 | E199: ANYZOO- Bỉm quần Premium size XL 42 miếng | F199: HÀNG TRỌNG ĐIỂM | G199: Toàn hệ thống | H199: Mua càng nhiều giá càng rẻ | I199: Bỉm Anyzoo giảm 15K/bịch, mua từ 2 giảm 40K/bịch | J199: 289000 | K199: 249000 | L199: 0.13841 | M199: 443 | N199: 1499 | O199: 30 | P199: 0 | Q199: 46 | R199: =M199+N199+O199+P199+Q199 -> 2018 | S199: 22 | T199: =R199*K199 -> 502482000 | U199: =IFERROR(M199/S199,0) -> 20.136364
A200: CT006 | B200: BỈM | C200: ANYZOO | D200: 220056 | E200: ANYZOO- Bỉm dán Premium size M 64 miếng | F200: HÀNG TRỌNG ĐIỂM | G200: Toàn hệ thống | H200: Mua càng nhiều giá càng rẻ | I200: Bỉm Anyzoo giảm 15K/bịch, mua từ 2 giảm 40K/bịch | J200: 269000 | K200: 229000 | L200: 0.1487 | M200: 297 | N200: 481 | O200: 18 | P200: 0 | Q200: 32 | R200: =M200+N200+O200+P200+Q200 -> 828 | S200: 22 | T200: =R200*K200 -> 189612000 | U200: =IFERROR(M200/S200,0) -> 13.5
A201: CT006 | B201: BỈM | C201: ANYZOO | D201: 220058 | E201: ANYZOO- Bỉm quần Premium size L 52 miếng | F201: HÀNG TRỌNG ĐIỂM | G201: Toàn hệ thống | H201: Mua càng nhiều giá càng rẻ | I201: Bỉm Anyzoo giảm 15K/bịch, mua từ 2 giảm 40K/bịch | J201: 289000 | K201: 249000 | L201: 0.13841 | M201: 332 | N201: 310 | O201: 38 | P201: 0 | Q201: 46 | R201: =M201+N201+O201+P201+Q201 -> 726 | S201: 22 | T201: =R201*K201 -> 180774000 | U201: =IFERROR(M201/S201,0) -> 15.090909
A202: CT006 | B202: BỈM | C202: ANYZOO | D202: 220057 | E202: ANYZOO- Bỉm quần Premium size M 54 miếng | F202: HÀNG TRỌNG ĐIỂM | G202: Toàn hệ thống | H202: Mua càng nhiều giá càng rẻ | I202: Bỉm Anyzoo giảm 15K/bịch, mua từ 2 giảm 40K/bịch | J202: 289000 | K202: 249000 | L202: 0.13841 | M202: 348 | N202: 319 | O202: 20 | P202: 0 | Q202: 34 | R202: =M202+N202+O202+P202+Q202 -> 721 | S202: 22 | T202: =R202*K202 -> 179529000 | U202: =IFERROR(M202/S202,0) -> 15.818182
A203: CT006 | B203: BỈM | C203: ANYZOO | D203: 220054 | E203: ANYZOO- Bỉm dán Premium size NB 86 miếng. | F203: HÀNG TRỌNG ĐIỂM | G203: Toàn hệ thống | H203: Mua càng nhiều giá càng rẻ | I203: Bỉm Anyzoo giảm 15K/bịch, mua từ 2 giảm 40K/bịch | J203: 269000 | K203: 229000 | L203: 0.1487 | M203: 309 | N203: 155 | O203: 12 | P203: 0 | Q203: 22 | R203: =M203+N203+O203+P203+Q203 -> 498 | S203: 22 | T203: =R203*K203 -> 114042000 | U203: =IFERROR(M203/S203,0) -> 14.045455
A204: CT006 | B204: BỈM | C204: ANYZOO | D204: 220060 | E204: ANYZOO- Bỉm quần Premium size XXL 38 miếng | F204: HÀNG TRỌNG ĐIỂM | G204: Toàn hệ thống | H204: Mua càng nhiều giá càng rẻ | I204: Bỉm Anyzoo giảm 15K/bịch, mua từ 2 giảm 40K/bịch | J204: 289000 | K204: 249000 | L204: 0.13841 | M204: 377 | N204: 0 | O204: 40 | P204: 0 | Q204: 56 | R204: =M204+N204+O204+P204+Q204 -> 473 | S204: 22 | T204: =R204*K204 -> 117777000 | U204: =IFERROR(M204/S204,0) -> 17.136364
A205: CT006 | B205: BỈM | C205: ANYZOO | D205: 220055 | E205: ANYZOO- Bỉm dán Premium size S 80 miếng | F205: HÀNG TRỌNG ĐIỂM | G205: Toàn hệ thống | H205: Mua càng nhiều giá càng rẻ | I205: Bỉm Anyzoo giảm 15K/bịch, mua từ 2 giảm 40K/bịch | J205: 269000 | K205: 229000 | L205: 0.1487 | M205: 223 | N205: 12 | O205: 16 | P205: 0 | Q205: 34 | R205: =M205+N205+O205+P205+Q205 -> 285 | S205: 22 | T205: =R205*K205 -> 65265000 | U205: =IFERROR(M205/S205,0) -> 10.136364
A206: CT007 | B206: NHÀ CỬA ĐỜI SỐNG | C206: BẾP VÀ PHÒNG ĂN | D206: 134098 | E206: KAI- Dao nhà bếp màu đen 112mm (Slim pack) | F206: DUY TRÌ THƯỜNG XUYÊN | G206: Toàn hệ thống | H206: Discount | I206: Gia dụng KAI đồng giảm 10% | J206: 60000 | K206: 54000 | L206: 0.1 | M206: 97 | N206: 0 | O206: 55 | P206: 0 | Q206: 63 | R206: =M206+N206+O206+P206+Q206 -> 215 | S206: 19 | T206: =R206*K206 -> 11610000 | U206: =IFERROR(M206/S206,0) -> 5.1052632 | V206: 0.2593
A207: CT007 | B207: NHÀ CỬA ĐỜI SỐNG | C207: BẾP VÀ PHÒNG ĂN | D207: 134093 | E207: KAI- Dao nhà bếp màu hồng 112mm (Slim pack) | F207: DUY TRÌ THƯỜNG XUYÊN | G207: Toàn hệ thống | H207: Discount | I207: Gia dụng KAI đồng giảm 10% | J207: 60000 | K207: 54000 | L207: 0.1 | M207: 105 | N207: 0 | O207: 43 | P207: 0 | Q207: 62 | R207: =M207+N207+O207+P207+Q207 -> 210 | S207: 20 | T207: =R207*K207 -> 11340000 | U207: =IFERROR(M207/S207,0) -> 5.25 | V207: 0.2593
A208: CT007 | B208: NHÀ CỬA ĐỜI SỐNG | C208: BẾP VÀ PHÒNG ĂN | D208: 134096 | E208: KAI- Dao nhà bếp màu vàng 112mm (Slim pack) | F208: DUY TRÌ THƯỜNG XUYÊN | G208: Toàn hệ thống | H208: Discount | I208: Gia dụng KAI đồng giảm 10% | J208: 60000 | K208: 54000 | L208: 0.1 | M208: 129 | N208: 0 | O208: 65 | P208: 0 | Q208: 10 | R208: =M208+N208+O208+P208+Q208 -> 204 | S208: 18 | T208: =R208*K208 -> 11016000 | U208: =IFERROR(M208/S208,0) -> 7.1666667 | V208: 0.2593
A209: CT007 | B209: NHÀ CỬA ĐỜI SỐNG | C209: BẾP VÀ PHÒNG ĂN | D209: 134094 | E209: KAI- Dao nhà bếp màu x.da trời 112mm (Slim pack) | F209: DUY TRÌ THƯỜNG XUYÊN | G209: Toàn hệ thống | H209: Discount | I209: Gia dụng KAI đồng giảm 10% | J209: 60000 | K209: 54000 | L209: 0.1 | M209: 117 | N209: 0 | O209: 70 | P209: 0 | Q209: 9 | R209: =M209+N209+O209+P209+Q209 -> 196 | S209: 17 | T209: =R209*K209 -> 10584000 | U209: =IFERROR(M209/S209,0) -> 6.8823529 | V209: 0.2593
A210: CT007 | B210: NHÀ CỬA ĐỜI SỐNG | C210: BẾP VÀ PHÒNG ĂN | D210: 134095 | E210: KAI- Dao nhà bếp màu xanh lá cây 112mm (Slim pack) | F210: DUY TRÌ THƯỜNG XUYÊN | G210: Toàn hệ thống | H210: Discount | I210: Gia dụng KAI đồng giảm 10% | J210: 60000 | K210: 54000 | L210: 0.1 | M210: 109 | N210: 0 | O210: 75 | P210: 0 | Q210: 7 | R210: =M210+N210+O210+P210+Q210 -> 191 | S210: 20 | T210: =R210*K210 -> 10314000 | U210: =IFERROR(M210/S210,0) -> 5.45 | V210: 0.2593
A211: CT007 | B211: NHÀ CỬA ĐỜI SỐNG | C211: BẾP VÀ PHÒNG ĂN | D211: 134097 | E211: KAI- Dao nhà bếp màu cam 112mm (Slim pack) | F211: DUY TRÌ THƯỜNG XUYÊN | G211: Toàn hệ thống | H211: Discount | I211: Gia dụng KAI đồng giảm 10% | J211: 60000 | K211: 54000 | L211: 0.1 | M211: 88 | N211: 0 | O211: 62 | P211: 0 | Q211: 6 | R211: =M211+N211+O211+P211+Q211 -> 156 | S211: 18 | T211: =R211*K211 -> 8424000 | U211: =IFERROR(M211/S211,0) -> 4.8888889 | V211: 0.2593
A212: CT007 | B212: NHÀ CỬA ĐỜI SỐNG | C212: BẾP VÀ PHÒNG ĂN | D212: 134106 | E212: KAI-Dao gọt h.quả có răng cưa x.da trời 112mm-Slim | F212: DUY TRÌ THƯỜNG XUYÊN | G212: Toàn hệ thống | H212: Discount | I212: Gia dụng KAI đồng giảm 10% | J212: 60000 | K212: 54000 | L212: 0.1 | M212: 124 | N212: 0 | O212: 0 | P212: 0 | Q212: 9 | R212: =M212+N212+O212+P212+Q212 -> 133 | S212: 19 | T212: =R212*K212 -> 7182000 | U212: =IFERROR(M212/S212,0) -> 6.5263158 | V212: 0.2593
A213: CT007 | B213: NHÀ CỬA ĐỜI SỐNG | C213: BẾP VÀ PHÒNG ĂN | D213: 134109 | E213: KAI- Dao gọt hoa quả lưỡi răng cưa cam 112mm-Slim | F213: DUY TRÌ THƯỜNG XUYÊN | G213: Toàn hệ thống | H213: Discount | I213: Gia dụng KAI đồng giảm 10% | J213: 60000 | K213: 54000 | L213: 0.1 | M213: 126 | N213: 0 | O213: 0 | P213: 0 | Q213: 3 | R213: =M213+N213+O213+P213+Q213 -> 129 | S213: 19 | T213: =R213*K213 -> 6966000 | U213: =IFERROR(M213/S213,0) -> 6.6315789 | V213: 0.2593
A214: CT007 | B214: NHÀ CỬA ĐỜI SỐNG | C214: BẾP VÀ PHÒNG ĂN | D214: 134105 | E214: KAI- Dao gọt hoa quả lưỡi răng cưa hồng 112mm-Slim | F214: DUY TRÌ THƯỜNG XUYÊN | G214: Toàn hệ thống | H214: Discount | I214: Gia dụng KAI đồng giảm 10% | J214: 60000 | K214: 54000 | L214: 0.1 | M214: 117 | N214: 0 | O214: 0 | P214: 0 | Q214: 10 | R214: =M214+N214+O214+P214+Q214 -> 127 | S214: 18 | T214: =R214*K214 -> 6858000 | U214: =IFERROR(M214/S214,0) -> 6.5 | V214: 0.2593
A215: CT007 | B215: NHÀ CỬA ĐỜI SỐNG | C215: BẾP VÀ PHÒNG ĂN | D215: 134103 | E215: KAI- Dao nhà bếp Hocho lưỡi răng cưa cam 94mm-Slim | F215: DUY TRÌ THƯỜNG XUYÊN | G215: Toàn hệ thống | H215: Discount | I215: Gia dụng KAI đồng giảm 10% | J215: 60000 | K215: 54000 | L215: 0.1 | M215: 117 | N215: 0 | O215: 0 | P215: 0 | Q215: 9 | R215: =M215+N215+O215+P215+Q215 -> 126 | S215: 21 | T215: =R215*K215 -> 6804000 | U215: =IFERROR(M215/S215,0) -> 5.5714286 | V215: 0.2593
A216: CT007 | B216: NHÀ CỬA ĐỜI SỐNG | C216: BẾP VÀ PHÒNG ĂN | D216: 134099 | E216: KAI- Dao nhà bếp lưỡi răng cưa hồng 94mm-Slim | F216: DUY TRÌ THƯỜNG XUYÊN | G216: Toàn hệ thống | H216: Discount | I216: Gia dụng KAI đồng giảm 10% | J216: 60000 | K216: 54000 | L216: 0.1 | M216: 107 | N216: 0 | O216: 0 | P216: 0 | Q216: 6 | R216: =M216+N216+O216+P216+Q216 -> 113 | S216: 16 | T216: =R216*K216 -> 6102000 | U216: =IFERROR(M216/S216,0) -> 6.6875 | V216: 0.2593
A217: CT007 | B217: NHÀ CỬA ĐỜI SỐNG | C217: BẾP VÀ PHÒNG ĂN | D217: 134101 | E217: KAI- Dao nhà bếp lưỡi răng cưa xanh lá 94mm-Slim | F217: DUY TRÌ THƯỜNG XUYÊN | G217: Toàn hệ thống | H217: Discount | I217: Gia dụng KAI đồng giảm 10% | J217: 60000 | K217: 54000 | L217: 0.1 | M217: 106 | N217: 0 | O217: 0 | P217: 0 | Q217: 4 | R217: =M217+N217+O217+P217+Q217 -> 110 | S217: 18 | T217: =R217*K217 -> 5940000 | U217: =IFERROR(M217/S217,0) -> 5.8888889 | V217: 0.2593
... A306: CT007 | B306: NHÀ CỬA ĐỜI SỐNG | C306: BẾP VÀ PHÒNG ĂN | D306: 134829 | E306: KAI - Chảo DW-5639 CHO KARUI FRYPAN 32CM | F306: NGỪNG NHẬP | G306: Toàn hệ thống | H306: Discount | I306: Gia dụng KAI đồng giảm 10% | J306: 611000 | K306: 550000 | L306: 0.1 | M306: 0 | N306: 0 | O306: 0 | P306: 0 | Q306: 0 | R306: =M306+N306+O306+P306+Q306 -> 0 | S306: 0 | T306: =R306*K306 -> 0 | U306: =IFERROR(M306/S306,0) -> 0 | V306: 0.1691
A307: CT008 | B307: CHĂM SÓC HÀNG NGÀY | C307: CHĂM SÓC RĂNG MIỆNG | D307: 110221 | E307: SUNSTAR- KDR ttmuối p/bệnh răng nướu (tuýp 170g) | F307: HÀNG TRỌNG ĐIỂM | G307: Toàn hệ thống | H307: Combo | I307: KĐR White&White, muối mua 3 tặng 1 | J307: 75000 | K307: 56000 | L307: 0.25 | M307: 1887 | N307: 638 | O307: 708 | P307: 0 | Q307: 24 | R307: =M307+N307+O307+P307+Q307 -> 3257 | S307: 24 | T307: =R307*K307 -> 182392000 | U307: =IFERROR(M307/S307,0) -> 78.625
A308: CT008 | B308: CHĂM SÓC HÀNG NGÀY | C308: CHĂM SÓC RĂNG MIỆNG | D308: 110028 | E308: LION- Kem đánh răng White & White | F308: HÀNG TRỌNG ĐIỂM | G308: Toàn hệ thống | H308: Combo | I308: KĐR White&White, muối mua 3 tặng 1 | J308: 75000 | K308: 56000 | L308: 0.25 | M308: 827 | N308: 0 | O308: 369 | P308: 0 | Q308: 17 | R308: =M308+N308+O308+P308+Q308 -> 1213 | S308: 22 | T308: =R308*K308 -> 67928000 | U308: =IFERROR(M308/S308,0) -> 37.590909
A309: CT009 | B309: CHĂM SÓC HÀNG NGÀY | C309: CHĂM SÓC RĂNG MIỆNG | D309: 110685 | E309: CREATE- Tăm nha khoa Smart Inn cỡ siêu nhỏ 30pcs | F309: DUY TRÌ THƯỜNG XUYÊN | G309: Toàn hệ thống | H309: Discount | I309: Tăm chỉ nha khoa mua 2 tặng 1 | J309: 70000 | K309: 47000 | L309: 0.33333 | M309: 301 | N309: 686 | O309: 24 | P309: 0 | Q309: 42 | R309: =M309+N309+O309+P309+Q309 -> 1053 | S309: 23 | T309: =R309*K309 -> 49491000 | U309: =IFERROR(M309/S309,0) -> 13.086957 | V309: 0.0638
A310: CT009 | B310: CHĂM SÓC HÀNG NGÀY | C310: CHĂM SÓC RĂNG MIỆNG | D310: 111038 | E310: CREATE- Chỉ nha khoa Dentfine 101 chiếc | F310: HÀNG TRỌNG ĐIỂM | G310: Toàn hệ thống | H310: Discount | I310: Tăm chỉ nha khoa mua 2 tặng 1 | J310: 89000 | K310: 60000 | L310: 0.33333 | M310: 252 | N310: 470 | O310: 139 | P310: 0 | Q310: 17 | R310: =M310+N310+O310+P310+Q310 -> 878 | S310: 22 | T310: =R310*K310 -> 52680000 | U310: =IFERROR(M310/S310,0) -> 11.454545 | V310: 0.0297
A311: CT009 | B311: CHĂM SÓC HÀNG NGÀY | C311: CHĂM SÓC RĂNG MIỆNG | D311: 110683 | E311: CREATE- Tăm chỉ chữ Y làm sạch kẽ răng 30 chiếc | F311: DUY TRÌ THƯỜNG XUYÊN | G311: Toàn hệ thống | H311: Discount | I311: Tăm chỉ nha khoa mua 2 tặng 1 | J311: 85000 | K311: 57000 | L311: 0.33333 | M311: 411 | N311: 181 | O311: 32 | P311: 0 | Q311: 0 | R311: =M311+N311+O311+P311+Q311 -> 624 | S311: 23 | T311: =R311*K311 -> 35568000 | U311: =IFERROR(M311/S311,0) -> 17.869565 | V311: 0.2105
A312: CT009 | B312: CHĂM SÓC HÀNG NGÀY | C312: CHĂM SÓC RĂNG MIỆNG | D312: 110687 | E312: CREATE- Tăm nha khoa Smart Inn cỡ vừa 30pcs | F312: DUY TRÌ THƯỜNG XUYÊN | G312: Toàn hệ thống | H312: Discount | I312: Tăm chỉ nha khoa mua 2 tặng 1 | J312: 70000 | K312: 47000 | L312: 0.33333 | M312: 288 | N312: 145 | O312: 30 | P312: 0 | Q312: 71 | R312: =M312+N312+O312+P312+Q312 -> 534 | S312: 23 | T312: =R312*K312 -> 25098000 | U312: =IFERROR(M312/S312,0) -> 12.521739 | V312: 0.0638
A313: CT009 | B313: CHĂM SÓC HÀNG NGÀY | C313: CHĂM SÓC RĂNG MIỆNG | D313: 174510 | E313: CREATE- Chỉ nha khoa Dentfine hương bạc hà (50m) | F313: DUY TRÌ THƯỜNG XUYÊN | G313: Toàn hệ thống | H313: Discount | I313: Tăm chỉ nha khoa mua 2 tặng 1 | J313: 75000 | K313: 51000 | L313: 0.33333 | M313: 265 | N313: 129 | O313: 30 | P313: 0 | Q313: 0 | R313: =M313+N313+O313+P313+Q313 -> 424 | S313: 22 | T313: =R313*K313 -> 21624000 | U313: =IFERROR(M313/S313,0) -> 12.045455 | V313: 0.1373
A314: CT009 | B314: CHĂM SÓC HÀNG NGÀY | C314: CHĂM SÓC RĂNG MIỆNG | D314: 110652 | E314: CREATE- Tăm nha khoa kháng khuẩn M~L 60 chiếc | F314: DUY TRÌ THƯỜNG XUYÊN | G314: Toàn hệ thống | H314: Discount | I314: Tăm chỉ nha khoa mua 2 tặng 1 | J314: 105000 | K314: 71000 | L314: 0.33333 | M314: 285 | N314: 0 | O314: 21 | P314: 0 | Q314: 56 | R314: =M314+N314+O314+P314+Q314 -> 362 | S314: 23 | T314: =R314*K314 -> 25702000 | U314: =IFERROR(M314/S314,0) -> 12.391304 | V314: 0.0535
A315: CT009 | B315: CHĂM SÓC HÀNG NGÀY | C315: CHĂM SÓC RĂNG MIỆNG | D315: 110686 | E315: CREATE- Tăm nha khoa Smart Inn cỡ nhỏ 30pcs | F315: DUY TRÌ THƯỜNG XUYÊN | G315: Toàn hệ thống | H315: Discount | I315: Tăm chỉ nha khoa mua 2 tặng 1 | J315: 70000 | K315: 47000 | L315: 0.33333 | M315: 208 | N315: 0 | O315: 19 | P315: 0 | Q315: 37 | R315: =M315+N315+O315+P315+Q315 -> 264 | S315: 21 | T315: =R315*K315 -> 12408000 | U315: =IFERROR(M315/S315,0) -> 9.9047619 | V315: 0.0426
A316: CT009 | B316: CHĂM SÓC HÀNG NGÀY | C316: CHĂM SÓC RĂNG MIỆNG | D316: 110535 | E316: CREATE- Tăm nhựa đầu nhỏ vệ sinh răng 60 chiếc | F316: DUY TRÌ THƯỜNG XUYÊN | G316: Toàn hệ thống | H316: Discount | I316: Tăm chỉ nha khoa mua 2 tặng 1 | J316: 130000 | K316: 87000 | L316: 0.33333 | M316: 52 | N316: 0 | O316: 0 | P316: 0 | Q316: 0 | R316: =M316+N316+O316+P316+Q316 -> 52 | S316: 11 | T316: =R316*K316 -> 4524000 | U316: =IFERROR(M316/S316,0) -> 4.7272727 | V316: 0.069
A317: CT010 | B317: NHÀ CỬA ĐỜI SỐNG | C317: ĐỒ DÙNG SINH HOẠT GIA ĐÌNH | D317: 230486 | E317: KAIYO- SET 2 MIẾNG BÔNG LAU NHÀ THAY THẾ | F317: DUY TRÌ THƯỜNG XUYÊN | G317: Toàn hệ thống | H317: Discount | I317: Gia dụng KAIYO đồng giảm 10% | J317: 126500 | K317: 114000 | L317: 0.1 | M317: 91 | N317: 0 | O317: 10 | P317: 0 | Q317: 0 | R317: =M317+N317+O317+P317+Q317 -> 101 | S317: 22 | T317: =R317*K317 -> 11514000 | U317: =IFERROR(M317/S317,0) -> 4.1363636 | V317: 0.2632
A318: CT010 | B318: NHÀ CỬA ĐỜI SỐNG | C318: BẾP VÀ PHÒNG ĂN | D318: 231269 | E318: KAIYO-Dao nạo vỏ | F318: DUY TRÌ THƯỜNG XUYÊN | G318: Toàn hệ thống | H318: Discount | I318: Gia dụng KAIYO đồng giảm 10% | J318: 139000 | K318: 126000 | L318: 0.1 | M318: 66 | N318: 0 | O318: 20 | P318: 0 | Q318: 0 | R318: =M318+N318+O318+P318+Q318 -> 86 | S318: 10 | T318: =R318*K318 -> 10836000 | U318: =IFERROR(M318/S318,0) -> 6.6 | V318: 0.2242
A319: CT010 | B319: NHÀ CỬA ĐỜI SỐNG | C319: ĐỒ DÙNG SINH HOẠT GIA ĐÌNH | D319: 231596 | E319: KAIYO - Ô gấp gọn siêu nhẹ có móc treo hình lá cây | F319: DUY TRÌ THƯỜNG XUYÊN | G319: Toàn hệ thống | H319: Discount | I319: Gia dụng KAIYO đồng giảm 10% | J319: 149000 | K319: 135000 | L319: 0.1 | M319: 78 | N319: 0 | O319: 0 | P319: 0 | Q319: 0 | R319: =M319+N319+O319+P319+Q319 -> 78 | S319: 11 | T319: =R319*K319 -> 10530000 | U319: =IFERROR(M319/S319,0) -> 7.0909091 | V319: 0.1867
A320: CT010 | B320: NHÀ CỬA ĐỜI SỐNG | C320: BẾP VÀ PHÒNG ĂN | D320: 231270 | E320: KAIYO-Dao nạo sợi | F320: DUY TRÌ THƯỜNG XUYÊN | G320: Toàn hệ thống | H320: Discount | I320: Gia dụng KAIYO đồng giảm 10% | J320: 139000 | K320: 126000 | L320: 0.1 | M320: 57 | N320: 0 | O320: 15 | P320: 0 | Q320: 0 | R320: =M320+N320+O320+P320+Q320 -> 72 | S320: 9 | T320: =R320*K320 -> 9072000 | U320: =IFERROR(M320/S320,0) -> 6.3333333 | V320: 0.1786
... A552: CT012 | B552: CHĂM SÓC SẮC ĐẸP | C552: TRANG ĐIỂM | D552: 231181 | E552: ISEHAN-Set 2 Mascara Kissme dài mi màu đen 4ml | F552: NGỪNG NHẬP | G552: Toàn hệ thống | H552: Discount | I552: Giảm ngay 20K khi mua trang điểm mắt Kissme | J552: 349000 | K552: 330000 | L552: 0.0573 | M552: 0 | N552: 0 | O552: 0 | P552: 0 | Q552: 0 | R552: =M552+N552+O552+P552+Q552 -> 0 | S552: 0 | T552: =R552*K552 -> 0 | U552: =IFERROR(M552/S552,0) -> 0 | V552: 0.1212
A553: CT013 | B553: NHÀ CỬA ĐỜI SỐNG | C553: XÀ PHÒNG, CHẤT TẨY RỬA | D553: 130671 | E553: SANADA SEIKO- Viên tẩy rửa bồn cầu 4viên x 10g | F553: DUY TRÌ THƯỜNG XUYÊN | G553: Toàn hệ thống | H553: Combo | I553: Viên tảy rửa bồn cầu mua 2 tặng 1 | J553: 45000 | K553: 30000 | L553: 0.33333 | M553: 806 | N553: 2712 | O553: 33 | P553: 0 | Q553: 16 | R553: =M553+N553+O553+P553+Q553 -> 3567 | S553: 22 | T553: =R553*K553 -> 107010000 | U553: =IFERROR(M553/S553,0) -> 36.636364
A554: CT014 | B554: CHĂM SÓC HÀNG NGÀY | C554: CHĂM SÓC RĂNG MIỆNG | D554: 30094 | E554: UFC- Bàn chải đánh răng Clear Wind EX-S lông cứng | F554: DUY TRÌ THƯỜNG XUYÊN | G554: Toàn hệ thống | H554: Mua hàng tặng hàng | I554: Bàn chải đánh răng UFC Clear Wind mua 2 tặng 1 (100998) trị giá 32K | J554: 35000 | K554: 27000 | L554: 0.23881 | M554: 400 | N554: 89 | O554: 45 | P554: 0 | Q554: 0 | R554: =M554+N554+O554+P554+Q554 -> 534 | S554: 23 | T554: =R554*K554 -> 14418000 | U554: =IFERROR(M554/S554,0) -> 17.391304
A555: CT014 | B555: CHĂM SÓC HÀNG NGÀY | C555: CHĂM SÓC RĂNG MIỆNG | D555: 30093 | E555: UFC- Bàn chải đánh răng Clear Wind EX-S (thường) | F555: DUY TRÌ THƯỜNG XUYÊN | G555: Toàn hệ thống | H555: Mua hàng tặng hàng | I555: Bàn chải đánh răng UFC Clear Wind mua 2 tặng 1 (100998) trị giá 32K | J555: 35000 | K555: 27000 | L555: 0.23881 | M555: 399 | N555: 78 | O555: 45 | P555: 0 | Q555: 0 | R555: =M555+N555+O555+P555+Q555 -> 522 | S555: 23 | T555: =R555*K555 -> 14094000 | U555: =IFERROR(M555/S555,0) -> 17.347826
A556: CT014 | B556: CHĂM SÓC HÀNG NGÀY | C556: CHĂM SÓC RĂNG MIỆNG | D556: 30091 | E556: UFC- Bàn chải đánh răng Clear Wind Excellent cứng | F556: DUY TRÌ THƯỜNG XUYÊN | G556: Toàn hệ thống | H556: Mua hàng tặng hàng | I556: Bàn chải đánh răng UFC Clear Wind mua 2 tặng 1 (100998) trị giá 32K | J556: 39000 | K556: 30000 | L556: 0.22535 | M556: 342 | N556: 65 | O556: 42 | P556: 0 | Q556: 0 | R556: =M556+N556+O556+P556+Q556 -> 449 | S556: 23 | T556: =R556*K556 -> 13470000 | U556: =IFERROR(M556/S556,0) -> 14.869565
A557: CT014 | B557: CHĂM SÓC HÀNG NGÀY | C557: CHĂM SÓC RĂNG MIỆNG | D557: 30097 | E557: UFC- Bàn chải đánh răng Clear Wind MX-N lông cứng | F557: DUY TRÌ THƯỜNG XUYÊN | G557: Toàn hệ thống | H557: Mua hàng tặng hàng | I557: Bàn chải đánh răng UFC Clear Wind mua 2 tặng 1 (100998) trị giá 32K | J557: 29000 | K557: 21000 | L557: 0.2623 | M557: 327 | N557: 19 | O557: 15 | P557: 0 | Q557: 0 | R557: =M557+N557+O557+P557+Q557 -> 361 | S557: 23 | T557: =R557*K557 -> 7581000 | U557: =IFERROR(M557/S557,0) -> 14.217391
A558: CT014 | B558: CHĂM SÓC HÀNG NGÀY | C558: CHĂM SÓC RĂNG MIỆNG | D558: 30095 | E558: UFC- Bàn chải đánh răng Clear Wind EX-S lông mềm | F558: DUY TRÌ THƯỜNG XUYÊN | G558: Toàn hệ thống | H558: Mua hàng tặng hàng | I558: Bàn chải đánh răng UFC Clear Wind mua 2 tặng 1 (100998) trị giá 32K | J558: 35000 | K558: 27000 | L558: 0.23881 | M558: 304 | N558: 0 | O558: 0 | P558: 0 | Q558: 0 | R558: =M558+N558+O558+P558+Q558 -> 304 | S558: 23 | T558: =R558*K558 -> 8208000 | U558: =IFERROR(M558/S558,0) -> 13.217391
A559: CT014 | B559: CHĂM SÓC HÀNG NGÀY | C559: CHĂM SÓC RĂNG MIỆNG | D559: 30096 | E559: UFC- Bàn chải đánh răng Clear Wind MX-N lông mềm | F559: DUY TRÌ THƯỜNG XUYÊN | G559: Toàn hệ thống | H559: Mua hàng tặng hàng | I559: Bàn chải đánh răng UFC Clear Wind mua 2 tặng 1 (100998) trị giá 32K | J559: 29000 | K559: 21000 | L559: 0.2623 | M559: 265 | N559: 0 | O559: 0 | P559: 0 | Q559: 0 | R559: =M559+N559+O559+P559+Q559 -> 265 | S559: 22 | T559: =R559*K559 -> 5565000 | U559: =IFERROR(M559/S559,0) -> 12.045455
A560: CT014 | B560: CHĂM SÓC HÀNG NGÀY | C560: CHĂM SÓC RĂNG MIỆNG | D560: 30090 | E560: UFC- Bàn chải đánh răng Clear Wind Excellent mềm | F560: DUY TRÌ THƯỜNG XUYÊN | G560: Toàn hệ thống | H560: Mua hàng tặng hàng | I560: Bàn chải đánh răng UFC Clear Wind mua 2 tặng 1 (100998) trị giá 32K | J560: 39000 | K560: 30000 | L560: 0.22535 | M560: 216 | N560: 0 | O560: 0 | P560: 0 | Q560: 0 | R560: =M560+N560+O560+P560+Q560 -> 216 | S560: 21 | T560: =R560*K560 -> 6480000 | U560: =IFERROR(M560/S560,0) -> 10.285714
A561: CT015 | B561: CHĂM SÓC HÀNG NGÀY | C561: BĂNG VỆ SINH | D561: 30064 | E561: KLEANNARA- BVS ZERO siêu mỏng có cánh 26cm | F561: DUY TRÌ THƯỜNG XUYÊN | G561: Toàn hệ thống | H561: Discount | I561: Giảm ngay 15K khi mua băng vệ sinh Kleannara | J561: 115000 | K561: 101000 | L561: 0.13043 | M561: 148 | N561: 139 | O561: 25 | P561: 0 | Q561: 0 | R561: =M561+N561+O561+P561+Q561 -> 312 | S561: 22 | T561: =R561*K561 -> 31512000 | U561: =IFERROR(M561/S561,0) -> 6.7272727 | V561: 0.1485
A562: CT015 | B562: CHĂM SÓC HÀNG NGÀY | C562: BĂNG VỆ SINH | D562: 30059 | E562: KLEANNARA- BVS SOONSOOHAN hàng ngày 18cm | F562: DUY TRÌ THƯỜNG XUYÊN | G562: Toàn hệ thống | H562: Discount | I562: Giảm ngay 15K khi mua băng vệ sinh Kleannara | J562: 64500 | K562: 50000 | L562: 0.23256 | M562: 229 | N562: 40 | O562: 30 | P562: 0 | Q562: 0 | R562: =M562+N562+O562+P562+Q562 -> 299 | S562: 18 | T562: =R562*K562 -> 14950000 | U562: =IFERROR(M562/S562,0) -> 12.722222 | V562: 0.328
A563: CT015 | B563: CHĂM SÓC HÀNG NGÀY | C563: BĂNG VỆ SINH | D563: 30060 | E563: KLEANNARA- BVS SOONSOOHAN 23cm | F563: DUY TRÌ THƯỜNG XUYÊN | G563: Toàn hệ thống | H563: Discount | I563: Giảm ngay 15K khi mua băng vệ sinh Kleannara | J563: 79500 | K563: 65000 | L563: 0.18868 | M563: 149 | N563: 48 | O563: 36 | P563: 0 | Q563: 0 | R563: =M563+N563+O563+P563+Q563 -> 233 | S563: 19 | T563: =R563*K563 -> 15145000 | U563: =IFERROR(M563/S563,0) -> 7.8421053 | V563: 0.0923
A564: CT015 | B564: CHĂM SÓC HÀNG NGÀY | C564: BĂNG VỆ SINH | D564: 30063 | E564: KLEANNARA- BVS ZERO siêu mỏng có cánh 23cm | F564: DUY TRÌ THƯỜNG XUYÊN | G564: Toàn hệ thống | H564: Discount | I564: Giảm ngay 15K khi mua băng vệ sinh Kleannara | J564: 115000 | K564: 101000 | L564: 0.13043 | M564: 131 | N564: 72 | O564: 24 | P564: 0 | Q564: 0 | R564: =M564+N564+O564+P564+Q564 -> 227 | S564: 20 | T564: =R564*K564 -> 22927000 | U564: =IFERROR(M564/S564,0) -> 6.55 | V564: 0.1485
A565: CT015 | B565: CHĂM SÓC HÀNG NGÀY | C565: BĂNG VỆ SINH | D565: 30069 | E565: KLEANNARA- BVS SOONSOOHANMYEON siêu mỏng cánh 23cm | F565: DUY TRÌ THƯỜNG XUYÊN | G565: Toàn hệ thống | H565: Discount | I565: Giảm ngay 15K khi mua băng vệ sinh Kleannara | J565: 135000 | K565: 121000 | L565: 0.11111 | M565: 143 | N565: 48 | O565: 24 | P565: 0 | Q565: 0 | R565: =M565+N565+O565+P565+Q565 -> 215 | S565: 22 | T565: =R565*K565 -> 26015000 | U565: =IFERROR(M565/S565,0) -> 6.5 | V565: 0.1653
A566: CT015 | B566: CHĂM SÓC HÀNG NGÀY | C566: BĂNG VỆ SINH | D566: 30061 | E566: KLEANNARA- BVS SOONSOOHAN 26cm | F566: DUY TRÌ THƯỜNG XUYÊN | G566: Toàn hệ thống | H566: Discount | I566: Giảm ngay 15K khi mua băng vệ sinh Kleannara | J566: 82500 | K566: 68000 | L566: 0.18182 | M566: 133 | N566: 48 | O566: 15 | P566: 0 | Q566: 0 | R566: =M566+N566+O566+P566+Q566 -> 196 | S566: 21 | T566: =R566*K566 -> 13328000 | U566: =IFERROR(M566/S566,0) -> 6.3333333 | V566: 0.0882
A567: CT015 | B567: CHĂM SÓC HÀNG NGÀY | C567: BĂNG VỆ SINH | D567: 30072 | E567: KLEANNARA- BVS ban đêm SOONSOOHANMYEON 33cm | F567: DUY TRÌ THƯỜNG XUYÊN | G567: Toàn hệ thống | H567: Discount | I567: Giảm ngay 15K khi mua băng vệ sinh Kleannara | J567: 135000 | K567: 121000 | L567: 0.11111 | M567: 142 | N567: 32 | O567: 21 | P567: 0 | Q567: 0 | R567: =M567+N567+O567+P567+Q567 -> 195 | S567: 22 | T567: =R567*K567 -> 23595000 | U567: =IFERROR(M567/S567,0) -> 6.4545455 | V567: 0.1653
A568: CT015 | B568: CHĂM SÓC HÀNG NGÀY | C568: BĂNG VỆ SINH | D568: 30068 | E568: KLEANNARA- BVS SOONSOOHANMYEON hàng ngày 18 cm | F568: DUY TRÌ THƯỜNG XUYÊN | G568: Toàn hệ thống | H568: Discount | I568: Giảm ngay 15K khi mua băng vệ sinh Kleannara | J568: 185000 | K568: 171000 | L568: 0.08108 | M568: 133 | N568: 40 | O568: 20 | P568: 0 | Q568: 0 | R568: =M568+N568+O568+P568+Q568 -> 193 | S568: 20 | T568: =R568*K568 -> 33003000 | U568: =IFERROR(M568/S568,0) -> 6.65 | V568: 0.193
A569: CT015 | B569: CHĂM SÓC HÀNG NGÀY | C569: BĂNG VỆ SINH | D569: 30062 | E569: KLEANNARA- BVS ZERO hàng ngày ko cánh 18cm | F569: DUY TRÌ THƯỜNG XUYÊN | G569: Toàn hệ thống | H569: Discount | I569: Giảm ngay 15K khi mua băng vệ sinh Kleannara | J569: 105000 | K569: 90000 | L569: 0.14286 | M569: 129 | N569: 40 | O569: 20 | P569: 0 | Q569: 0 | R569: =M569+N569+O569+P569+Q569 -> 189 | S569: 20 | T569: =R569*K569 -> 17010000 | U569: =IFERROR(M569/S569,0) -> 6.45 | V569: 0.1333
A570: CT015 | B570: CHĂM SÓC HÀNG NGÀY | C570: BĂNG VỆ SINH | D570: 30070 | E570: KLEANNARA- BVS SOONSOOHANMYEON siêu mỏng cánh 26cm | F570: DUY TRÌ THƯỜNG XUYÊN | G570: Toàn hệ thống | H570: Discount | I570: Giảm ngay 15K khi mua băng vệ sinh Kleannara | J570: 135000 | K570: 121000 | L570: 0.11111 | M570: 137 | N570: 24 | O570: 24 | P570: 0 | Q570: 0 | R570: =M570+N570+O570+P570+Q570 -> 185 | S570: 21 | T570: =R570*K570 -> 22385000 | U570: =IFERROR(M570/S570,0) -> 6.5238095 | V570: 0.1653
A571: CT015 | B571: CHĂM SÓC HÀNG NGÀY | C571: BĂNG VỆ SINH | D571: 30065 | E571: KLEANNARA- BVS ZERO ban đêm siêu mỏng có cánh 33cm | F571: DUY TRÌ THƯỜNG XUYÊN | G571: Toàn hệ thống | H571: Discount | I571: Giảm ngay 15K khi mua băng vệ sinh Kleannara | J571: 105000 | K571: 90000 | L571: 0.14286 | M571: 126 | N571: 32 | O571: 24 | P571: 0 | Q571: 0 | R571: =M571+N571+O571+P571+Q571 -> 182 | S571: 22 | T571: =R571*K571 -> 16380000 | U571: =IFERROR(M571/S571,0) -> 5.7272727 | V571: 0.1333
A572: CT015 | B572: CHĂM SÓC HÀNG NGÀY | C572: BĂNG VỆ SINH | D572: 30071 | E572: KLEANNARA- BVS SOONSOOHANMYEON siêu mỏng cánh 29cm | F572: DUY TRÌ THƯỜNG XUYÊN | G572: Toàn hệ thống | H572: Discount | I572: Giảm ngay 15K khi mua băng vệ sinh Kleannara | J572: 135000 | K572: 121000 | L572: 0.11111 | M572: 131 | N572: 0 | O572: 20 | P572: 0 | Q572: 0 | R572: =M572+N572+O572+P572+Q572 -> 151 | S572: 20 | T572: =R572*K572 -> 18271000 | U572: =IFERROR(M572/S572,0) -> 6.55 | V572: 0.1653
... A574: CT015 | B574: CHĂM SÓC HÀNG NGÀY | C574: BĂNG VỆ SINH | D574: 30066 | E574: KLEANNARA- BVS ZERO YOUNG 26cm | F574: ĐÓNG MÃ | G574: Toàn hệ thống | H574: Discount | I574: Giảm ngay 15K khi mua băng vệ sinh Kleannara | J574: 90000 | K574: 75000 | L574: 0.16667 | M574: 11 | N574: 0 | O574: 0 | P574: 0 | Q574: 0 | R574: =M574+N574+O574+P574+Q574 -> 11 | S574: 7 | T574: =R574*K574 -> 825000 | U574: =IFERROR(M574/S574,0) -> 1.5714286 | V574: 0.1067
A575: CT016 | B575: BỈM | C575: MERRIES | D575: 220075 | E575: MERRIES -Bỉm quần L 44+2 miếng | F575: HÀNG TRỌNG ĐIỂM | G575: Toàn hệ thống | H575: Mua càng nhiều giá càng rẻ | I575: Bỉm Merries mua 1 giảm 40K, mua từ 2 giảm 60k/bịch | J575: 350000 | K575: 290000 | L575: 0.17143 | M575: 370 | N575: 146 | O575: 32 | P575: 0 | Q575: 262 | R575: =M575+N575+O575+P575+Q575 -> 810 | S575: 22 | T575: =R575*K575 -> 234900000 | U575: =IFERROR(M575/S575,0) -> 16.818182
A576: CT016 | B576: BỈM | C576: MERRIES | D576: 220076 | E576: MERRIES -Bỉm quần M 52+2 miếng | F576: HÀNG TRỌNG ĐIỂM | G576: Toàn hệ thống | H576: Mua càng nhiều giá càng rẻ | I576: Bỉm Merries mua 1 giảm 40K, mua từ 2 giảm 60k/bịch | J576: 350000 | K576: 290000 | L576: 0.17143 | M576: 269 | N576: 64 | O576: 20 | P576: 0 | Q576: 159 | R576: =M576+N576+O576+P576+Q576 -> 512 | S576: 22 | T576: =R576*K576 -> 148480000 | U576: =IFERROR(M576/S576,0) -> 12.227273
A577: CT016 | B577: BỈM | C577: MERRIES | D577: 220077 | E577: MERRIES- BỈM QUẦN XL 38+2 MIẾNG | F577: HÀNG TRỌNG ĐIỂM | G577: Toàn hệ thống | H577: Mua càng nhiều giá càng rẻ | I577: Bỉm Merries mua 1 giảm 40K, mua từ 2 giảm 60k/bịch | J577: 350000 | K577: 290000 | L577: 0.17143 | M577: 272 | N577: 0 | O577: 39 | P577: 0 | Q577: 74 | R577: =M577+N577+O577+P577+Q577 -> 385 | S577: 20 | T577: =R577*K577 -> 111650000 | U577: =IFERROR(M577/S577,0) -> 13.6
A578: CT016 | B578: BỈM | C578: MERRIES | D578: 220072 | E578: MERRIES- BỈM DÁN M 52 + 2 miếng | F578: HÀNG TRỌNG ĐIỂM | G578: Toàn hệ thống | H578: Mua càng nhiều giá càng rẻ | I578: Bỉm Merries mua 1 giảm 40K, mua từ 2 giảm 60k/bịch | J578: 350000 | K578: 290000 | L578: 0.17143 | M578: 215 | N578: 40 | O578: 18 | P578: 0 | Q578: 5 | R578: =M578+N578+O578+P578+Q578 -> 278 | S578: 22 | T578: =R578*K578 -> 80620000 | U578: =IFERROR(M578/S578,0) -> 9.7727273
A579: CT016 | B579: BỈM | C579: MERRIES | D579: 220074 | E579: MERRIES- Bỉm quần XXL 24 +2 miếng | F579: HÀNG TRỌNG ĐIỂM | G579: Toàn hệ thống | H579: Mua càng nhiều giá càng rẻ | I579: Bỉm Merries mua 1 giảm 40K, mua từ 2 giảm 60k/bịch | J579: 350000 | K579: 290000 | L579: 0.17143 | M579: 152 | N579: 0 | O579: 20 | P579: 0 | Q579: 31 | R579: =M579+N579+O579+P579+Q579 -> 203 | S579: 18 | T579: =R579*K579 -> 58870000 | U579: =IFERROR(M579/S579,0) -> 8.4444444
A580: CT016 | B580: BỈM | C580: MERRIES | D580: 220071 | E580: MERRIES- BỈM DÁN S 62 + 4 miếng | F580: HÀNG TRỌNG ĐIỂM | G580: Toàn hệ thống | H580: Mua càng nhiều giá càng rẻ | I580: Bỉm Merries mua 1 giảm 40K, mua từ 2 giảm 60k/bịch | J580: 350000 | K580: 290000 | L580: 0.17143 | M580: 113 | N580: 0 | O580: 10 | P580: 0 | Q580: 33 | R580: =M580+N580+O580+P580+Q580 -> 156 | S580: 18 | T580: =R580*K580 -> 45240000 | U580: =IFERROR(M580/S580,0) -> 6.2777778
A581: CT016 | B581: BỈM | C581: MERRIES | D581: 220078 | E581: MERRIES- Bỉm dán SS 68 + 4 miếng | F581: HÀNG TRỌNG ĐIỂM | G581: Toàn hệ thống | H581: Mua càng nhiều giá càng rẻ | I581: Bỉm Merries mua 1 giảm 40K, mua từ 2 giảm 60k/bịch | J581: 350000 | K581: 290000 | L581: 0.17143 | M581: 105 | N581: 0 | O581: 0 | P581: 0 | Q581: 2 | R581: =M581+N581+O581+P581+Q581 -> 107 | S581: 20 | T581: =R581*K581 -> 31030000 | U581: =IFERROR(M581/S581,0) -> 5.25
A582: CT016 | B582: BỈM | C582: MERRIES | D582: 220073 | E582: MERRIES- Bỉm dán SS 68 + 4 miếng | F582: NGỪNG SẢN XUẤT - RENEW | G582: Toàn hệ thống | H582: Mua càng nhiều giá càng rẻ | I582: Bỉm Merries mua 1 giảm 40K, mua từ 2 giảm 60k/bịch | J582: 350000 | K582: 290000 | L582: 0.17143 | M582: 61 | N582: 0 | O582: 0 | P582: 0 | Q582: 0 | R582: =M582+N582+O582+P582+Q582 -> 61 | S582: 14 | T582: =R582*K582 -> 17690000 | U582: =IFERROR(M582/S582,0) -> 4.3571429
A583: CT016 | B583: BỈM | C583: MERRIES | D583: 220079 | E583: MERRIES- BỈM DÁN M 52 + 2 miếng | F583: NGỪNG SẢN XUẤT - RENEW | G583: Toàn hệ thống | H583: Mua càng nhiều giá càng rẻ | I583: Bỉm Merries mua 1 giảm 40K, mua từ 2 giảm 60k/bịch | J583: 350000 | K583: 290000 | L583: 0.17143 | M583: 35 | N583: 13 | O583: 0 | P583: 0 | Q583: 0 | R583: =M583+N583+O583+P583+Q583 -> 48 | S583: 8 | T583: =R583*K583 -> 13920000 | U583: =IFERROR(M583/S583,0) -> 4.375
A584: CT017 | B584: CHĂM SÓC SẮC ĐẸP | C584: Mỹ phẩm khác | D584: 102367 | E584: STELLA BEAUTE- Thanh massage chăm sóc da mặt | F584: HÀNG TRỌNG ĐIỂM | G584: Toàn hệ thống | H584: Mua hàng tặng hàng | I584: Thanh Massage giá 6500k -> 1199K (tặng ngay serum retinol 230689) trị giá 350K | J584: 6500000 | K584: 1109000 | L584: 0.82938 | M584: 221 | N584: 2324 | O584: 0 | P584: 1 | Q584: 0 | R584: =M584+N584+O584+P584+Q584 -> 2546 | S584: 23 | T584: =R584*K584 -> 2823514000 | U584: =IFERROR(M584/S584,0) -> 9.6086957
A585: CT018 | B585: HÀNG ĐÔNG LẠNH | C585: THỰC PHẨM CHẾ BIẾN SẴN | D585: 153325 | E585: HARU SAKURA BEEF - Thịt bò thăn ngoại Bít tết 200g | F585: HÀNG TRỌNG ĐIỂM | G585: Toàn hệ thống | H585: Mua càng nhiều giá càng rẻ | I585: Thịt bò Sakura Beef mua 3 tặng 1, mua 5 tặng 2 (đồng thời tặng kèm 1 túi giữ nhiệt) | J585: 165000 | K585: 118000 | L585: 0.28571 | M585: 2411 | N585: 0 | O585: 0 | P585: 0 | Q585: 0 | R585: =M585+N585+O585+P585+Q585 -> 2411 | S585: 23 | T585: =R585*K585 -> 284498000 | U585: =IFERROR(M585/S585,0) -> 104.82609
A586: CT018 | B586: HÀNG ĐÔNG LẠNH | C586: THỰC PHẨM CHẾ BIẾN SẴN | D586: 153326 | E586: HARU SAKURA BEEF - Thịt bò thăn ngoại Lúc lắc 200g | F586: NGỪNG NHẬP | G586: Toàn hệ thống | H586: Mua càng nhiều giá càng rẻ | I586: Thịt bò Sakura Beef mua 3 tặng 1, mua 5 tặng 2 (đồng thời tặng kèm 1 túi giữ nhiệt) | J586: 165000 | K586: 118000 | L586: 0.28571 | M586: 46 | N586: 0 | O586: 0 | P586: 0 | Q586: 0 | R586: =M586+N586+O586+P586+Q586 -> 46 | S586: 8 | T586: =R586*K586 -> 5428000 | U586: =IFERROR(M586/S586,0) -> 5.75
... A600: CT022 | B600: CHĂM SÓC SẮC ĐẸP | C600: CHĂM SÓC DA | D600: 102208 | E600: INFINITY – Mặt nạ My Lover's lựu đỏ cao cấp 1P | F600: DUY TRÌ THƯỜNG XUYÊN | G600: Toàn hệ thống | H600: Combo | I600: Mặt nạ Infinity 1 miếng mua 3 tặng 1 | J600: 39000 | K600: 29000 | L600: 0.25 | M600: 141 | N600: 0 | O600: 0 | P600: 0 | Q600: 0 | R600: =M600+N600+O600+P600+Q600 -> 141 | S600: 1 | T600: =R600*K600 -> 4089000 | U600: =IFERROR(M600/S600,0) -> 141
A601: CT023 | B601: CHĂM SÓC SẮC ĐẸP | C601: CHĂM SÓC TÓC | D601: 101802 | E601: MOIST DIANE- Dầu gội phục hồi ngăn rụng tóc 450ml | F601: HÀNG TRỌNG ĐIỂM | G601: HN | H601: Combo | I601: Combo gội +xả tặng sữa tắm hương cam quýt hoặc hương trái cây hoặc dầu gội khô(101992 hoặc 101990 hoặc 102213) | J601: 245000 | K601: 245000 | M601: 111 | N601: 89 | O601: 34 | P601: 0 | Q601: 4 | R601: =M601+N601+O601+P601+Q601 -> 238 | S601: 20 | T601: =R601*K601 -> 58310000 | U601: =IFERROR(M601/S601,0) -> 5.55
A602: CT023 | B602: CHĂM SÓC SẮC ĐẸP | C602: CHĂM SÓC TÓC | D602: 101796 | E602: MOIST DIANE-Dầu gội phục hồi tóc hư tổn nặng 450ml | F602: HÀNG TRỌNG ĐIỂM | G602: HN | H602: Combo | I602: Combo gội +xả tặng sữa tắm hương cam quýt hoặc hương trái cây hoặc dầu gội khô(101992 hoặc 101990 hoặc 102213) | J602: 245000 | K602: 245000 | M602: 141 | N602: 27 | O602: 31 | P602: 0 | Q602: 12 | R602: =M602+N602+O602+P602+Q602 -> 211 | S602: 21 | T602: =R602*K602 -> 51695000 | U602: =IFERROR(M602/S602,0) -> 6.7142857
A603: CT023 | B603: CHĂM SÓC SẮC ĐẸP | C603: CHĂM SÓC TÓC | D603: 101797 | E603: MOIST DIANE-Dầu xả phục hồi tóc hư tổn nặng 450ml | F603: HÀNG TRỌNG ĐIỂM | G603: HN | H603: Combo | I603: Combo gội +xả tặng sữa tắm hương cam quýt hoặc hương trái cây hoặc dầu gội khô(101992 hoặc 101990 hoặc 102213) | J603: 245000 | K603: 245000 | M603: 166 | N603: 0 | O603: 23 | P603: 0 | Q603: 8 | R603: =M603+N603+O603+P603+Q603 -> 197 | S603: 23 | T603: =R603*K603 -> 48265000 | U603: =IFERROR(M603/S603,0) -> 7.2173913
A604: CT023 | B604: CHĂM SÓC SẮC ĐẸP | C604: CHĂM SÓC TÓC | D604: 101800 | E604: MOIST DIANE- Dầu gội kiểm soát dầu 450ml | F604: HÀNG TRỌNG ĐIỂM | G604: HN | H604: Combo | I604: Combo gội +xả tặng sữa tắm hương cam quýt hoặc hương trái cây hoặc dầu gội khô(101992 hoặc 101990 hoặc 102213) | J604: 245000 | K604: 245000 | M604: 97 | N604: 52 | O604: 41 | P604: 0 | Q604: 5 | R604: =M604+N604+O604+P604+Q604 -> 195 | S604: 22 | T604: =R604*K604 -> 47775000 | U604: =IFERROR(M604/S604,0) -> 4.4090909
A605: CT023 | B605: CHĂM SÓC SẮC ĐẸP | C605: CHĂM SÓC TÓC | D605: 102020 | E605: MOIST DIANE- Dầu xả vào nếp thẳng mượt 450ml | F605: HÀNG TRỌNG ĐIỂM | G605: HN | H605: Combo | I605: Combo gội +xả tặng sữa tắm hương cam quýt hoặc hương trái cây hoặc dầu gội khô(101992 hoặc 101990 hoặc 102213) | J605: 245000 | K605: 245000 | M605: 130 | N605: 40 | O605: 21 | P605: 0 | Q605: 4 | R605: =M605+N605+O605+P605+Q605 -> 195 | S605: 22 | T605: =R605*K605 -> 47775000 | U605: =IFERROR(M605/S605,0) -> 5.9090909
A606: CT023 | B606: CHĂM SÓC SẮC ĐẸP | C606: CHĂM SÓC TÓC | D606: 101801 | E606: MOIST DIANE- Dầu xả kiểm soát dầu 450ml | F606: HÀNG TRỌNG ĐIỂM | G606: HN | H606: Combo | I606: Combo gội +xả tặng sữa tắm hương cam quýt hoặc hương trái cây hoặc dầu gội khô(101992 hoặc 101990 hoặc 102213) | J606: 245000 | K606: 245000 | M606: 130 | N606: 12 | O606: 39 | P606: 0 | Q606: 6 | R606: =M606+N606+O606+P606+Q606 -> 187 | S606: 24 | T606: =R606*K606 -> 45815000 | U606: =IFERROR(M606/S606,0) -> 5.4166667
A607: CT023 | B607: CHĂM SÓC SẮC ĐẸP | C607: CHĂM SÓC TÓC | D607: 102021 | E607: MOIST DIANE- Dầu gội vào nếp thẳng mượt 450ml | F607: HÀNG TRỌNG ĐIỂM | G607: HN | H607: Combo | I607: Combo gội +xả tặng sữa tắm hương cam quýt hoặc hương trái cây hoặc dầu gội khô(101992 hoặc 101990 hoặc 102213) | J607: 245000 | K607: 245000 | M607: 115 | N607: 30 | O607: 23 | P607: 0 | Q607: 16 | R607: =M607+N607+O607+P607+Q607 -> 184 | S607: 21 | T607: =R607*K607 -> 45080000 | U607: =IFERROR(M607/S607,0) -> 5.4761905
A608: CT023 | B608: CHĂM SÓC SẮC ĐẸP | C608: CHĂM SÓC TÓC | D608: 101798 | E608: MOIST DIANE- Dầu gội làm phồng tóc 450ml | F608: HÀNG TRỌNG ĐIỂM | G608: HN | H608: Combo | I608: Combo gội +xả tặng sữa tắm hương cam quýt hoặc hương trái cây hoặc dầu gội khô(101992 hoặc 101990 hoặc 102213) | J608: 245000 | K608: 245000 | M608: 107 | N608: 42 | O608: 29 | P608: 0 | Q608: 5 | R608: =M608+N608+O608+P608+Q608 -> 183 | S608: 21 | T608: =R608*K608 -> 44835000 | U608: =IFERROR(M608/S608,0) -> 5.0952381
A609: CT023 | B609: CHĂM SÓC SẮC ĐẸP | C609: CHĂM SÓC TÓC | D609: 101799 | E609: MOIST DIANE- Dầu xả làm phồng tóc 450ml | F609: HÀNG TRỌNG ĐIỂM | G609: HN | H609: Combo | I609: Combo gội +xả tặng sữa tắm hương cam quýt hoặc hương trái cây hoặc dầu gội khô(101992 hoặc 101990 hoặc 102213) | J609: 245000 | K609: 245000 | M609: 115 | N609: 12 | O609: 42 | P609: 0 | Q609: 9 | R609: =M609+N609+O609+P609+Q609 -> 178 | S609: 23 | T609: =R609*K609 -> 43610000 | U609: =IFERROR(M609/S609,0) -> 5
A610: CT023 | B610: CHĂM SÓC SẮC ĐẸP | C610: CHĂM SÓC TÓC | D610: 101803 | E610: MOIST DIANE- Dầu xả phục hồi ngăn rụng tóc 450ml | F610: HÀNG TRỌNG ĐIỂM | G610: HN | H610: Combo | I610: Combo gội +xả tặng sữa tắm hương cam quýt hoặc hương trái cây hoặc dầu gội khô(101992 hoặc 101990 hoặc 102213) | J610: 245000 | K610: 245000 | M610: 90 | N610: 74 | O610: 9 | P610: 0 | Q610: 2 | R610: =M610+N610+O610+P610+Q610 -> 175 | S610: 21 | T610: =R610*K610 -> 42875000 | U610: =IFERROR(M610/S610,0) -> 4.2857143
A611: CT023 | B611: CHĂM SÓC SẮC ĐẸP | C611: CHĂM SÓC TÓC | D611: 101807 | E611: MOIST DIANE- Dầu xả phục hồi tóc nhuộm tẩy 450ml | F611: NGỪNG NHẬP | G611: HN | H611: Combo | I611: Combo gội +xả tặng sữa tắm hương cam quýt hoặc hương trái cây hoặc dầu gội khô(101992 hoặc 101990 hoặc 102213) | J611: 250000 | K611: 250000 | M611: 1 | N611: 0 | O611: 0 | P611: 0 | Q611: 0 | R611: =M611+N611+O611+P611+Q611 -> 1 | S611: 1 | T611: =R611*K611 -> 250000 | U611: =IFERROR(M611/S611,0) -> 1
A612: CT024 | B612: CHĂM SÓC HÀNG NGÀY | C612: BĂNG VỆ SINH | D612: 30115 | E612: ELIS- BVS dạng quần size M-L màu đen (2c) | F612: DUY TRÌ THƯỜNG XUYÊN | G612: Toàn hệ thống | H612: Mua hàng tặng hàng | I612: Mua băng vệ sinh ELLEAIR hằng ngày, ban đêm tặng ngay 1 băng vệ sinh quần (30116, 30115) trị giá 50K | J612: 50000 | K612: 25000 | L612: 0.5 | M612: 178 | N612: 83 | O612: 56 | P612: 0 | Q612: 0 | R612: =M612+N612+O612+P612+Q612 -> 317 | S612: 15 | T612: =R612*K612 -> 7925000 | U612: =IFERROR(M612/S612,0) -> 11.866667
A613: CT024 | B613: CHĂM SÓC HÀNG NGÀY | C613: BĂNG VỆ SINH | D613: 30052 | E613: ELLEAIR- BVS siêu mỏng có cánh 23cm 23m | F613: DUY TRÌ THƯỜNG XUYÊN | G613: Toàn hệ thống | H613: Mua hàng tặng hàng | I613: Mua băng vệ sinh ELLEAIR hằng ngày, ban đêm tặng ngay 1 băng vệ sinh quần (30116, 30115) trị giá 50K | J613: 99000 | K613: 66000 | L613: 0.33557 | M613: 179 | N613: 95 | O613: 26 | P613: 0 | Q613: 0 | R613: =M613+N613+O613+P613+Q613 -> 300 | S613: 18 | T613: =R613*K613 -> 19800000 | U613: =IFERROR(M613/S613,0) -> 9.9444444
A614: CT024 | B614: CHĂM SÓC HÀNG NGÀY | C614: BĂNG VỆ SINH | D614: 30054 | E614: ELLEAIR- BVS ban đêm siêu mỏng có cánh 29cm 15m | F614: DUY TRÌ THƯỜNG XUYÊN | G614: Toàn hệ thống | H614: Mua hàng tặng hàng | I614: Mua băng vệ sinh ELLEAIR hằng ngày, ban đêm tặng ngay 1 băng vệ sinh quần (30116, 30115) trị giá 50K | J614: 109000 | K614: 75000 | L614: 0.31447 | M614: 239 | N614: 0 | O614: 30 | P614: 0 | Q614: 0 | R614: =M614+N614+O614+P614+Q614 -> 269 | S614: 22 | T614: =R614*K614 -> 20175000 | U614: =IFERROR(M614/S614,0) -> 10.863636
A615: CT024 | B615: CHĂM SÓC HÀNG NGÀY | C615: BĂNG VỆ SINH | D615: 30053 | E615: ELLEAIR- BVS siêu mỏng có cánh 25cm 19m | F615: DUY TRÌ THƯỜNG XUYÊN | G615: Toàn hệ thống | H615: Mua hàng tặng hàng | I615: Mua băng vệ sinh ELLEAIR hằng ngày, ban đêm tặng ngay 1 băng vệ sinh quần (30116, 30115) trị giá 50K | J615: 99000 | K615: 66000 | L615: 0.33557 | M615: 141 | N615: 60 | O615: 60 | P615: 0 | Q615: 0 | R615: =M615+N615+O615+P615+Q615 -> 261 | S615: 18 | T615: =R615*K615 -> 17226000 | U615: =IFERROR(M615/S615,0) -> 7.8333333
A616: CT024 | B616: CHĂM SÓC HÀNG NGÀY | C616: BĂNG VỆ SINH | D616: 30051 | E616: ELLEAIR- BVS siêu mỏng không cánh 17cm 36m | F616: DUY TRÌ THƯỜNG XUYÊN | G616: Toàn hệ thống | H616: Mua hàng tặng hàng | I616: Mua băng vệ sinh ELLEAIR hằng ngày, ban đêm tặng ngay 1 băng vệ sinh quần (30116, 30115) trị giá 50K | J616: 99000 | K616: 66000 | L616: 0.33557 | M616: 198 | N616: 30 | O616: 31 | P616: 0 | Q616: 0 | R616: =M616+N616+O616+P616+Q616 -> 259 | S616: 20 | T616: =R616*K616 -> 17094000 | U616: =IFERROR(M616/S616,0) -> 9.9
A617: CT024 | B617: CHĂM SÓC HÀNG NGÀY | C617: BĂNG VỆ SINH | D617: 30055 | E617: ELLEAIR- BVS ban đêm siêu mỏng có cánh 36cm 12m | F617: DUY TRÌ THƯỜNG XUYÊN | G617: Toàn hệ thống | H617: Mua hàng tặng hàng | I617: Mua băng vệ sinh ELLEAIR hằng ngày, ban đêm tặng ngay 1 băng vệ sinh quần (30116, 30115) trị giá 50K | J617: 109000 | K617: 75000 | L617: 0.31447 | M617: 198 | N617: 50 | O617: 10 | P617: 0 | Q617: 0 | R617: =M617+N617+O617+P617+Q617 -> 258 | S617: 22 | T617: =R617*K617 -> 19350000 | U617: =IFERROR(M617/S617,0) -> 9
...
